field_sample_mm,region,diameter_mm,terminal_speed_mm_s,valid_nodes,upward_faster_than_settling_nodes,R_gt_1_percent_of_sampled_nodes,median_speed_m_s,p95_speed_m_s,upward_flow_nodes_percent
12,full,0.05,2.176724980542919,93621,52623,56.208542955106225,0.24360186875765336,0.6835440456909242,59.64901037160466
12,lower_y_lt_0p35,0.05,2.176724980542919,17955,11526,64.1938178780284,0.14423371592331918,0.4637387228142724,68.0701754385965
12,full,0.075,4.712294657330155,93621,48871,52.20089509832196,0.24360186875765336,0.6835440456909242,59.64901037160466
12,lower_y_lt_0p35,0.075,4.712294657330155,17955,10553,58.77471456418825,0.14423371592331918,0.4637387228142724,68.0701754385965
12,full,0.1,7.970511741792828,93621,43794,46.77796648187906,0.24360186875765336,0.6835440456909242,59.64901037160466
12,lower_y_lt_0p35,0.1,7.970511741792828,17955,8895,49.54051796157059,0.14423371592331918,0.4637387228142724,68.0701754385965
12,full,0.15,15.905412075811546,93621,32969,35.21538970957371,0.24360186875765336,0.6835440456909242,59.64901037160466
12,lower_y_lt_0p35,0.15,15.905412075811546,17955,4853,27.0286828181565,0.14423371592331918,0.4637387228142724,68.0701754385965
12,full,0.2,24.809575018331874,93621,24231,25.882013650783477,0.24360186875765336,0.6835440456909242,59.64901037160466
12,lower_y_lt_0p35,0.2,24.809575018331874,17955,2246,12.509050403787246,0.14423371592331918,0.4637387228142724,68.0701754385965
12,full,0.25,34.03245405460893,93621,18007,19.23393255786629,0.24360186875765336,0.6835440456909242,59.64901037160466
12,lower_y_lt_0p35,0.25,34.03245405460893,17955,1415,7.8808131439710385,0.14423371592331918,0.4637387228142724,68.0701754385965
12,full,0.3,43.26379085935675,93621,13364,14.274575148737997,0.24360186875765336,0.6835440456909242,59.64901037160466
12,lower_y_lt_0p35,0.3,43.26379085935675,17955,953,5.307713728766361,0.14423371592331918,0.4637387228142724,68.0701754385965
12,full,0.5,78.5358679402055,93621,4262,4.55239743220004,0.24360186875765336,0.6835440456909242,59.64901037160466
12,lower_y_lt_0p35,0.5,78.5358679402055,17955,45,0.2506265664160401,0.14423371592331918,0.4637387228142724,68.0701754385965
12,full,0.6,95.03344079637326,93621,2609,2.786767925999509,0.24360186875765336,0.6835440456909242,59.64901037160466
12,lower_y_lt_0p35,0.6,95.03344079637326,17955,0,0.0,0.14423371592331918,0.4637387228142724,68.0701754385965
12,full,0.75,118.57758211793353,93621,1386,1.4804370814240395,0.24360186875765336,0.6835440456909242,59.64901037160466
12,lower_y_lt_0p35,0.75,118.57758211793353,17955,0,0.0,0.14423371592331918,0.4637387228142724,68.0701754385965
12,full,1.0,155.311968903475,93621,675,0.7209920851091102,0.24360186875765336,0.6835440456909242,59.64901037160466
12,lower_y_lt_0p35,1.0,155.311968903475,17955,0,0.0,0.14423371592331918,0.4637387228142724,68.0701754385965
12,full,1.5,222.38160117243808,93621,133,0.1420621441770543,0.24360186875765336,0.6835440456909242,59.64901037160466
12,lower_y_lt_0p35,1.5,222.38160117243808,17955,0,0.0,0.14423371592331918,0.4637387228142724,68.0701754385965
12,full,2.0,283.8902786032928,93621,45,0.04806613900727401,0.24360186875765336,0.6835440456909242,59.64901037160466
12,lower_y_lt_0p35,2.0,283.8902786032928,17955,0,0.0,0.14423371592331918,0.4637387228142724,68.0701754385965
15,full,0.05,2.176724980542919,48007,27154,56.5625846230758,0.24477795065513722,0.6881838672176666,59.70587622638365
15,lower_y_lt_0p35,0.05,2.176724980542919,9137,5863,64.16766991353836,0.14426579813963786,0.45960196677036474,67.82313669694648
15,full,0.075,4.712294657330155,48007,25254,52.60482846251588,0.24477795065513722,0.6881838672176666,59.70587622638365
15,lower_y_lt_0p35,0.075,4.712294657330155,9137,5367,58.73919229506402,0.14426579813963786,0.45960196677036474,67.82313669694648
15,full,0.1,7.970511741792828,48007,22741,47.37017518278584,0.24477795065513722,0.6881838672176666,59.70587622638365
15,lower_y_lt_0p35,0.1,7.970511741792828,9137,4533,49.61146984787129,0.14426579813963786,0.45960196677036474,67.82313669694648
15,full,0.15,15.905412075811546,48007,17063,35.542733351386254,0.24477795065513722,0.6881838672176666,59.70587622638365
15,lower_y_lt_0p35,0.15,15.905412075811546,9137,2471,27.043887490423554,0.14426579813963786,0.45960196677036474,67.82313669694648
15,full,0.2,24.809575018331874,48007,12533,26.106609452788135,0.24477795065513722,0.6881838672176666,59.70587622638365
15,lower_y_lt_0p35,0.2,24.809575018331874,9137,1163,12.728466673963007,0.14426579813963786,0.45960196677036474,67.82313669694648
15,full,0.25,34.03245405460893,48007,9352,19.480492428187556,0.24477795065513722,0.6881838672176666,59.70587622638365
15,lower_y_lt_0p35,0.25,34.03245405460893,9137,732,8.011382291780672,0.14426579813963786,0.45960196677036474,67.82313669694648
15,full,0.3,43.26379085935675,48007,6909,14.391651217530777,0.24477795065513722,0.6881838672176666,59.70587622638365
15,lower_y_lt_0p35,0.3,43.26379085935675,9137,489,5.351866039181351,0.14426579813963786,0.45960196677036474,67.82313669694648
15,full,0.5,78.5358679402055,48007,2175,4.530589289062012,0.24477795065513722,0.6881838672176666,59.70587622638365
15,lower_y_lt_0p35,0.5,78.5358679402055,9137,15,0.16416766991353837,0.14426579813963786,0.45960196677036474,67.82313669694648
15,full,0.6,95.03344079637326,48007,1324,2.7579311350428064,0.24477795065513722,0.6881838672176666,59.70587622638365
15,lower_y_lt_0p35,0.6,95.03344079637326,9137,0,0.0,0.14426579813963786,0.45960196677036474,67.82313669694648
15,full,0.75,118.57758211793353,48007,718,1.4956152227800112,0.24477795065513722,0.6881838672176666,59.70587622638365
15,lower_y_lt_0p35,0.75,118.57758211793353,9137,0,0.0,0.14426579813963786,0.45960196677036474,67.82313669694648
15,full,1.0,155.311968903475,48007,334,0.6957318724352699,0.24477795065513722,0.6881838672176666,59.70587622638365
15,lower_y_lt_0p35,1.0,155.311968903475,9137,0,0.0,0.14426579813963786,0.45960196677036474,67.82313669694648
15,full,1.5,222.38160117243808,48007,74,0.15414418730601787,0.24477795065513722,0.6881838672176666,59.70587622638365
15,lower_y_lt_0p35,1.5,222.38160117243808,9137,0,0.0,0.14426579813963786,0.45960196677036474,67.82313669694648
15,full,2.0,283.8902786032928,48007,21,0.043743620721978044,0.24477795065513722,0.6881838672176666,59.70587622638365
15,lower_y_lt_0p35,2.0,283.8902786032928,9137,0,0.0,0.14426579813963786,0.45960196677036474,67.82313669694648
