time_s,slug_inflow_L_s,controlled_to_grit_L_s,buffer_increment_L,velocity_inlet_51mm_m_s
0.0,6.0,2.777778,0.0,1.359776
0.1,6.0,2.777778,0.322222,1.359776
0.2,6.0,2.777778,0.644444,1.359776
0.3,6.0,2.777778,0.966667,1.359776
0.4,6.0,2.777778,1.288889,1.359776
0.5,6.0,2.777778,1.611111,1.359776
0.6,6.0,2.777778,1.933333,1.359776
0.7,6.0,2.777778,2.255556,1.359776
0.8,6.0,2.777778,2.577778,1.359776
0.9,6.0,2.777778,2.9,1.359776
1.0,6.0,2.777778,3.222222,1.359776
1.1,6.0,2.777778,3.544444,1.359776
1.2,6.0,2.777778,3.866667,1.359776
1.3,6.0,2.777778,4.188889,1.359776
1.4,6.0,2.777778,4.511111,1.359776
1.5,6.0,2.777778,4.833333,1.359776
1.6,6.0,2.777778,5.155556,1.359776
1.7,6.0,2.777778,5.477778,1.359776
1.8,6.0,2.777778,5.8,1.359776
1.9,6.0,2.777778,6.122222,1.359776
2.0,6.0,2.777778,6.444444,1.359776
2.1,6.0,2.777778,6.766667,1.359776
2.2,6.0,2.777778,7.088889,1.359776
2.3,6.0,2.777778,7.411111,1.359776
2.4,6.0,2.777778,7.733333,1.359776
2.5,6.0,2.777778,8.055556,1.359776
2.6,6.0,2.777778,8.377778,1.359776
2.7,6.0,2.777778,8.7,1.359776
2.8,6.0,2.777778,9.022222,1.359776
2.9,6.0,2.777778,9.344444,1.359776
3.0,6.0,2.777778,9.666667,1.359776
3.1,6.0,2.777778,9.988889,1.359776
3.2,6.0,2.777778,10.311111,1.359776
3.3,6.0,2.777778,10.633333,1.359776
3.4,6.0,2.777778,10.955556,1.359776
3.5,6.0,2.777778,11.277778,1.359776
3.6,6.0,2.777778,11.6,1.359776
3.7,6.0,2.777778,11.922222,1.359776
3.8,6.0,2.777778,12.244444,1.359776
3.9,6.0,2.777778,12.566667,1.359776
4.0,6.0,2.777778,12.888889,1.359776
4.1,6.0,2.777778,13.211111,1.359776
4.2,6.0,2.777778,13.533333,1.359776
4.3,6.0,2.777778,13.855556,1.359776
4.4,6.0,2.777778,14.177778,1.359776
4.5,6.0,2.777778,14.5,1.359776
4.6,6.0,2.777778,14.822222,1.359776
4.7,6.0,2.777778,15.144444,1.359776
4.8,6.0,2.777778,15.466667,1.359776
4.9,6.0,2.777778,15.788889,1.359776
5.0,6.0,2.777778,16.111111,1.359776
5.1,6.0,2.777778,16.433333,1.359776
5.2,6.0,2.777778,16.755556,1.359776
5.3,6.0,2.777778,17.077778,1.359776
5.4,6.0,2.777778,17.4,1.359776
5.5,6.0,2.777778,17.722222,1.359776
5.6,6.0,2.777778,18.044444,1.359776
5.7,6.0,2.777778,18.366667,1.359776
5.8,6.0,2.777778,18.688889,1.359776
5.9,6.0,2.777778,19.011111,1.359776
6.0,6.0,2.777778,19.333333,1.359776
6.1,6.0,2.777778,19.655556,1.359776
6.2,6.0,2.777778,19.977778,1.359776
6.3,6.0,2.777778,20.3,1.359776
6.4,6.0,2.777778,20.622222,1.359776
6.5,6.0,2.777778,20.944444,1.359776
6.6,6.0,2.777778,21.266667,1.359776
6.7,6.0,2.777778,21.588889,1.359776
6.8,6.0,2.777778,21.911111,1.359776
6.9,6.0,2.777778,22.233333,1.359776
7.0,6.0,2.777778,22.555556,1.359776
7.1,6.0,2.777778,22.877778,1.359776
7.2,6.0,2.777778,23.2,1.359776
7.3,6.0,2.777778,23.522222,1.359776
7.4,6.0,2.777778,23.844444,1.359776
7.5,6.0,2.777778,24.166667,1.359776
7.6,6.0,2.777778,24.488889,1.359776
7.7,6.0,2.777778,24.811111,1.359776
7.8,6.0,2.777778,25.133333,1.359776
7.9,6.0,2.777778,25.455556,1.359776
8.0,6.0,2.777778,25.777778,1.359776
8.1,6.0,2.777778,26.1,1.359776
8.2,6.0,2.777778,26.422222,1.359776
8.3,6.0,2.777778,26.744444,1.359776
8.4,6.0,2.777778,27.066667,1.359776
8.5,6.0,2.777778,27.388889,1.359776
8.6,6.0,2.777778,27.711111,1.359776
8.7,6.0,2.777778,28.033333,1.359776
8.8,6.0,2.777778,28.355556,1.359776
8.9,6.0,2.777778,28.677778,1.359776
9.0,6.0,2.777778,29.0,1.359776
9.1,6.0,2.777778,29.322222,1.359776
9.2,6.0,2.777778,29.644444,1.359776
9.3,6.0,2.777778,29.966667,1.359776
9.4,6.0,2.777778,30.288889,1.359776
9.5,6.0,2.777778,30.611111,1.359776
9.6,6.0,2.777778,30.933333,1.359776
9.7,6.0,2.777778,31.255556,1.359776
9.8,6.0,2.777778,31.577778,1.359776
9.9,6.0,2.777778,31.9,1.359776
10.0,6.0,2.777778,32.222222,1.359776
10.1,6.0,2.777778,32.544444,1.359776
10.2,6.0,2.777778,32.866667,1.359776
10.3,6.0,2.777778,33.188889,1.359776
10.4,6.0,2.777778,33.511111,1.359776
10.5,6.0,2.777778,33.833333,1.359776
10.6,6.0,2.777778,34.155556,1.359776
10.7,6.0,2.777778,34.477778,1.359776
10.8,6.0,2.777778,34.8,1.359776
10.9,6.0,2.777778,35.122222,1.359776
11.0,6.0,2.777778,35.444444,1.359776
11.1,6.0,2.777778,35.766667,1.359776
11.2,6.0,2.777778,36.088889,1.359776
11.3,6.0,2.777778,36.411111,1.359776
11.4,6.0,2.777778,36.733333,1.359776
11.5,6.0,2.777778,37.055556,1.359776
11.6,6.0,2.777778,37.377778,1.359776
11.7,6.0,2.777778,37.7,1.359776
11.8,6.0,2.777778,38.022222,1.359776
11.9,6.0,2.777778,38.344444,1.359776
12.0,6.0,2.777778,38.666667,1.359776
12.1,6.0,2.777778,38.988889,1.359776
12.2,6.0,2.777778,39.311111,1.359776
12.3,6.0,2.777778,39.633333,1.359776
12.4,6.0,2.777778,39.955556,1.359776
12.5,6.0,2.777778,40.277778,1.359776
12.6,6.0,2.777778,40.6,1.359776
12.7,6.0,2.777778,40.922222,1.359776
12.8,6.0,2.777778,41.244444,1.359776
12.9,6.0,2.777778,41.566667,1.359776
13.0,6.0,2.777778,41.888889,1.359776
13.1,6.0,2.777778,42.211111,1.359776
13.2,6.0,2.777778,42.533333,1.359776
13.3,6.0,2.777778,42.855556,1.359776
13.4,6.0,2.777778,43.177778,1.359776
13.5,6.0,2.777778,43.5,1.359776
13.6,6.0,2.777778,43.822222,1.359776
13.7,6.0,2.777778,44.144444,1.359776
13.8,6.0,2.777778,44.466667,1.359776
13.9,6.0,2.777778,44.788889,1.359776
14.0,6.0,2.777778,45.111111,1.359776
14.1,6.0,2.777778,45.433333,1.359776
14.2,6.0,2.777778,45.755556,1.359776
14.3,6.0,2.777778,46.077778,1.359776
14.4,6.0,2.777778,46.4,1.359776
14.5,6.0,2.777778,46.722222,1.359776
14.6,6.0,2.777778,47.044444,1.359776
14.7,6.0,2.777778,47.366667,1.359776
14.8,6.0,2.777778,47.688889,1.359776
14.9,6.0,2.777778,48.011111,1.359776
15.0,6.0,2.777778,48.333333,1.359776
15.1,6.0,2.777778,48.655556,1.359776
15.2,6.0,2.777778,48.977778,1.359776
15.3,6.0,2.777778,49.3,1.359776
15.4,6.0,2.777778,49.622222,1.359776
15.5,6.0,2.777778,49.944444,1.359776
15.6,6.0,2.777778,50.266667,1.359776
15.7,6.0,2.777778,50.588889,1.359776
15.8,6.0,2.777778,50.911111,1.359776
15.9,6.0,2.777778,51.233333,1.359776
16.0,6.0,2.777778,51.555556,1.359776
16.1,6.0,2.777778,51.877778,1.359776
16.2,6.0,2.777778,52.2,1.359776
16.3,6.0,2.777778,52.522222,1.359776
16.4,6.0,2.777778,52.844444,1.359776
16.5,6.0,2.777778,53.166667,1.359776
16.6,6.0,2.777778,53.488889,1.359776
16.7,6.0,2.777778,53.811111,1.359776
16.8,6.0,2.777778,54.133333,1.359776
16.9,6.0,2.777778,54.455556,1.359776
17.0,6.0,2.777778,54.777778,1.359776
17.1,6.0,2.777778,55.1,1.359776
17.2,6.0,2.777778,55.422222,1.359776
17.3,6.0,2.777778,55.744444,1.359776
17.4,6.0,2.777778,56.066667,1.359776
17.5,6.0,2.777778,56.388889,1.359776
17.6,6.0,2.777778,56.711111,1.359776
17.7,6.0,2.777778,57.033333,1.359776
17.8,6.0,2.777778,57.355556,1.359776
17.9,6.0,2.777778,57.677778,1.359776
18.0,6.0,2.777778,58.0,1.359776
18.1,6.0,2.777778,58.322222,1.359776
18.2,6.0,2.777778,58.644444,1.359776
18.3,6.0,2.777778,58.966667,1.359776
18.4,6.0,2.777778,59.288889,1.359776
18.5,6.0,2.777778,59.611111,1.359776
18.6,6.0,2.777778,59.933333,1.359776
18.7,6.0,2.777778,60.255556,1.359776
18.8,6.0,2.777778,60.577778,1.359776
18.9,6.0,2.777778,60.9,1.359776
19.0,6.0,2.777778,61.222222,1.359776
19.1,6.0,2.777778,61.544444,1.359776
19.2,6.0,2.777778,61.866667,1.359776
19.3,6.0,2.777778,62.188889,1.359776
19.4,6.0,2.777778,62.511111,1.359776
19.5,6.0,2.777778,62.833333,1.359776
19.6,6.0,2.777778,63.155556,1.359776
19.7,6.0,2.777778,63.477778,1.359776
19.8,6.0,2.777778,63.8,1.359776
19.9,6.0,2.777778,64.122222,1.359776
20.0,6.0,2.777778,64.444444,1.359776
20.1,6.0,2.777778,64.766667,1.359776
20.2,6.0,2.777778,65.088889,1.359776
20.3,6.0,2.777778,65.411111,1.359776
20.4,6.0,2.777778,65.733333,1.359776
20.5,6.0,2.777778,66.055556,1.359776
20.6,6.0,2.777778,66.377778,1.359776
20.7,6.0,2.777778,66.7,1.359776
20.8,6.0,2.777778,67.022222,1.359776
20.9,6.0,2.777778,67.344444,1.359776
21.0,6.0,2.777778,67.666667,1.359776
21.1,6.0,2.777778,67.988889,1.359776
21.2,6.0,2.777778,68.311111,1.359776
21.3,6.0,2.777778,68.633333,1.359776
21.4,6.0,2.777778,68.955556,1.359776
21.5,6.0,2.777778,69.277778,1.359776
21.6,6.0,2.777778,69.6,1.359776
21.7,6.0,2.777778,69.922222,1.359776
21.8,6.0,2.777778,70.244444,1.359776
21.9,6.0,2.777778,70.566667,1.359776
22.0,6.0,2.777778,70.888889,1.359776
22.1,6.0,2.777778,71.211111,1.359776
22.2,6.0,2.777778,71.533333,1.359776
22.3,6.0,2.777778,71.855556,1.359776
22.4,6.0,2.777778,72.177778,1.359776
22.5,6.0,2.777778,72.5,1.359776
22.6,6.0,2.777778,72.822222,1.359776
22.7,6.0,2.777778,73.144444,1.359776
22.8,6.0,2.777778,73.466667,1.359776
22.9,6.0,2.777778,73.788889,1.359776
23.0,6.0,2.777778,74.111111,1.359776
23.1,6.0,2.777778,74.433333,1.359776
23.2,6.0,2.777778,74.755556,1.359776
23.3,6.0,2.777778,75.077778,1.359776
23.4,6.0,2.777778,75.4,1.359776
23.5,6.0,2.777778,75.722222,1.359776
23.6,6.0,2.777778,76.044444,1.359776
23.7,6.0,2.777778,76.366667,1.359776
23.8,6.0,2.777778,76.688889,1.359776
23.9,6.0,2.777778,77.011111,1.359776
24.0,6.0,2.777778,77.333333,1.359776
24.1,6.0,2.777778,77.655556,1.359776
24.2,6.0,2.777778,77.977778,1.359776
24.3,6.0,2.777778,78.3,1.359776
24.4,6.0,2.777778,78.622222,1.359776
24.5,6.0,2.777778,78.944444,1.359776
24.6,6.0,2.777778,79.266667,1.359776
24.7,6.0,2.777778,79.588889,1.359776
24.8,6.0,2.777778,79.911111,1.359776
24.9,6.0,2.777778,80.233333,1.359776
25.0,6.0,2.777778,80.555556,1.359776
25.1,6.0,2.777778,80.877778,1.359776
25.2,6.0,2.777778,81.2,1.359776
25.3,6.0,2.777778,81.522222,1.359776
25.4,6.0,2.777778,81.844444,1.359776
25.5,6.0,2.777778,82.166667,1.359776
25.6,6.0,2.777778,82.488889,1.359776
25.7,6.0,2.777778,82.811111,1.359776
25.8,6.0,2.777778,83.133333,1.359776
25.9,6.0,2.777778,83.455556,1.359776
26.0,6.0,2.777778,83.777778,1.359776
26.1,6.0,2.777778,84.1,1.359776
26.2,6.0,2.777778,84.422222,1.359776
26.3,6.0,2.777778,84.744444,1.359776
26.4,6.0,2.777778,85.066667,1.359776
26.5,6.0,2.777778,85.388889,1.359776
26.6,6.0,2.777778,85.711111,1.359776
26.7,6.0,2.777778,86.033333,1.359776
26.8,6.0,2.777778,86.355556,1.359776
26.9,6.0,2.777778,86.677778,1.359776
27.0,6.0,2.777778,87.0,1.359776
27.1,6.0,2.777778,87.322222,1.359776
27.2,6.0,2.777778,87.644444,1.359776
27.3,6.0,2.777778,87.966667,1.359776
27.4,6.0,2.777778,88.288889,1.359776
27.5,6.0,2.777778,88.611111,1.359776
27.6,6.0,2.777778,88.933333,1.359776
27.7,6.0,2.777778,89.255556,1.359776
27.8,6.0,2.777778,89.577778,1.359776
27.9,6.0,2.777778,89.9,1.359776
28.0,6.0,2.777778,90.222222,1.359776
28.1,6.0,2.777778,90.544444,1.359776
28.2,6.0,2.777778,90.866667,1.359776
28.3,6.0,2.777778,91.188889,1.359776
28.4,6.0,2.777778,91.511111,1.359776
28.5,6.0,2.777778,91.833333,1.359776
28.6,6.0,2.777778,92.155556,1.359776
28.7,6.0,2.777778,92.477778,1.359776
28.8,6.0,2.777778,92.8,1.359776
28.9,6.0,2.777778,93.122222,1.359776
29.0,6.0,2.777778,93.444444,1.359776
29.1,6.0,2.777778,93.766667,1.359776
29.2,6.0,2.777778,94.088889,1.359776
29.3,6.0,2.777778,94.411111,1.359776
29.4,6.0,2.777778,94.733333,1.359776
29.5,6.0,2.777778,95.055556,1.359776
29.6,6.0,2.777778,95.377778,1.359776
29.7,6.0,2.777778,95.7,1.359776
29.8,6.0,2.777778,96.022222,1.359776
29.9,6.0,2.777778,96.344444,1.359776
30.0,6.0,2.777778,96.666667,1.359776
30.1,6.0,2.777778,96.988889,1.359776
30.2,6.0,2.777778,97.311111,1.359776
30.3,6.0,2.777778,97.633333,1.359776
30.4,6.0,2.777778,97.955556,1.359776
30.5,6.0,2.777778,98.277778,1.359776
30.6,6.0,2.777778,98.6,1.359776
30.7,6.0,2.777778,98.922222,1.359776
30.8,6.0,2.777778,99.244444,1.359776
30.9,6.0,2.777778,99.566667,1.359776
31.0,6.0,2.777778,99.888889,1.359776
31.1,6.0,2.777778,100.211111,1.359776
31.2,6.0,2.777778,100.533333,1.359776
31.3,6.0,2.777778,100.855556,1.359776
31.4,6.0,2.777778,101.177778,1.359776
31.5,6.0,2.777778,101.5,1.359776
31.6,6.0,2.777778,101.822222,1.359776
31.7,6.0,2.777778,102.144444,1.359776
31.8,6.0,2.777778,102.466667,1.359776
31.9,6.0,2.777778,102.788889,1.359776
32.0,6.0,2.777778,103.111111,1.359776
32.1,6.0,2.777778,103.433333,1.359776
32.2,6.0,2.777778,103.755556,1.359776
32.3,6.0,2.777778,104.077778,1.359776
32.4,6.0,2.777778,104.4,1.359776
32.5,6.0,2.777778,104.722222,1.359776
32.6,6.0,2.777778,105.044444,1.359776
32.7,6.0,2.777778,105.366667,1.359776
32.8,6.0,2.777778,105.688889,1.359776
32.9,6.0,2.777778,106.011111,1.359776
33.0,6.0,2.777778,106.333333,1.359776
33.1,6.0,2.777778,106.655556,1.359776
33.2,6.0,2.777778,106.977778,1.359776
33.3,6.0,2.777778,107.3,1.359776
33.4,0.0,2.777778,107.222222,1.359776
33.5,0.0,2.777778,106.944444,1.359776
33.6,0.0,2.777778,106.666667,1.359776
33.7,0.0,2.777778,106.388889,1.359776
33.8,0.0,2.777778,106.111111,1.359776
33.9,0.0,2.777778,105.833333,1.359776
34.0,0.0,2.777778,105.555556,1.359776
34.1,0.0,2.777778,105.277778,1.359776
34.2,0.0,2.777778,105.0,1.359776
34.3,0.0,2.777778,104.722222,1.359776
34.4,0.0,2.777778,104.444444,1.359776
34.5,0.0,2.777778,104.166667,1.359776
34.6,0.0,2.777778,103.888889,1.359776
34.7,0.0,2.777778,103.611111,1.359776
34.8,0.0,2.777778,103.333333,1.359776
34.9,0.0,2.777778,103.055556,1.359776
35.0,0.0,2.777778,102.777778,1.359776
35.1,0.0,2.777778,102.5,1.359776
35.2,0.0,2.777778,102.222222,1.359776
35.3,0.0,2.777778,101.944444,1.359776
35.4,0.0,2.777778,101.666667,1.359776
35.5,0.0,2.777778,101.388889,1.359776
35.6,0.0,2.777778,101.111111,1.359776
35.7,0.0,2.777778,100.833333,1.359776
35.8,0.0,2.777778,100.555556,1.359776
35.9,0.0,2.777778,100.277778,1.359776
36.0,0.0,2.777778,100.0,1.359776
36.1,0.0,2.777778,99.722222,1.359776
36.2,0.0,2.777778,99.444444,1.359776
36.3,0.0,2.777778,99.166667,1.359776
36.4,0.0,2.777778,98.888889,1.359776
36.5,0.0,2.777778,98.611111,1.359776
36.6,0.0,2.777778,98.333333,1.359776
36.7,0.0,2.777778,98.055556,1.359776
36.8,0.0,2.777778,97.777778,1.359776
36.9,0.0,2.777778,97.5,1.359776
37.0,0.0,2.777778,97.222222,1.359776
37.1,0.0,2.777778,96.944444,1.359776
37.2,0.0,2.777778,96.666667,1.359776
37.3,0.0,2.777778,96.388889,1.359776
37.4,0.0,2.777778,96.111111,1.359776
37.5,0.0,2.777778,95.833333,1.359776
37.6,0.0,2.777778,95.555556,1.359776
37.7,0.0,2.777778,95.277778,1.359776
37.8,0.0,2.777778,95.0,1.359776
37.9,0.0,2.777778,94.722222,1.359776
38.0,0.0,2.777778,94.444444,1.359776
38.1,0.0,2.777778,94.166667,1.359776
38.2,0.0,2.777778,93.888889,1.359776
38.3,0.0,2.777778,93.611111,1.359776
38.4,0.0,2.777778,93.333333,1.359776
38.5,0.0,2.777778,93.055556,1.359776
38.6,0.0,2.777778,92.777778,1.359776
38.7,0.0,2.777778,92.5,1.359776
38.8,0.0,2.777778,92.222222,1.359776
38.9,0.0,2.777778,91.944444,1.359776
39.0,0.0,2.777778,91.666667,1.359776
39.1,0.0,2.777778,91.388889,1.359776
39.2,0.0,2.777778,91.111111,1.359776
39.3,0.0,2.777778,90.833333,1.359776
39.4,0.0,2.777778,90.555556,1.359776
39.5,0.0,2.777778,90.277778,1.359776
39.6,0.0,2.777778,90.0,1.359776
39.7,0.0,2.777778,89.722222,1.359776
39.8,0.0,2.777778,89.444444,1.359776
39.9,0.0,2.777778,89.166667,1.359776
40.0,0.0,2.777778,88.888889,1.359776
40.1,0.0,2.777778,88.611111,1.359776
40.2,0.0,2.777778,88.333333,1.359776
40.3,0.0,2.777778,88.055556,1.359776
40.4,0.0,2.777778,87.777778,1.359776
40.5,0.0,2.777778,87.5,1.359776
40.6,0.0,2.777778,87.222222,1.359776
40.7,0.0,2.777778,86.944444,1.359776
40.8,0.0,2.777778,86.666667,1.359776
40.9,0.0,2.777778,86.388889,1.359776
41.0,0.0,2.777778,86.111111,1.359776
41.1,0.0,2.777778,85.833333,1.359776
41.2,0.0,2.777778,85.555556,1.359776
41.3,0.0,2.777778,85.277778,1.359776
41.4,0.0,2.777778,85.0,1.359776
41.5,0.0,2.777778,84.722222,1.359776
41.6,0.0,2.777778,84.444444,1.359776
41.7,0.0,2.777778,84.166667,1.359776
41.8,0.0,2.777778,83.888889,1.359776
41.9,0.0,2.777778,83.611111,1.359776
42.0,0.0,2.777778,83.333333,1.359776
42.1,0.0,2.777778,83.055556,1.359776
42.2,0.0,2.777778,82.777778,1.359776
42.3,0.0,2.777778,82.5,1.359776
42.4,0.0,2.777778,82.222222,1.359776
42.5,0.0,2.777778,81.944444,1.359776
42.6,0.0,2.777778,81.666667,1.359776
42.7,0.0,2.777778,81.388889,1.359776
42.8,0.0,2.777778,81.111111,1.359776
42.9,0.0,2.777778,80.833333,1.359776
43.0,0.0,2.777778,80.555556,1.359776
43.1,0.0,2.777778,80.277778,1.359776
43.2,0.0,2.777778,80.0,1.359776
43.3,0.0,2.777778,79.722222,1.359776
43.4,0.0,2.777778,79.444444,1.359776
43.5,0.0,2.777778,79.166667,1.359776
43.6,0.0,2.777778,78.888889,1.359776
43.7,0.0,2.777778,78.611111,1.359776
43.8,0.0,2.777778,78.333333,1.359776
43.9,0.0,2.777778,78.055556,1.359776
44.0,0.0,2.777778,77.777778,1.359776
44.1,0.0,2.777778,77.5,1.359776
44.2,0.0,2.777778,77.222222,1.359776
44.3,0.0,2.777778,76.944444,1.359776
44.4,0.0,2.777778,76.666667,1.359776
44.5,0.0,2.777778,76.388889,1.359776
44.6,0.0,2.777778,76.111111,1.359776
44.7,0.0,2.777778,75.833333,1.359776
44.8,0.0,2.777778,75.555556,1.359776
44.9,0.0,2.777778,75.277778,1.359776
45.0,0.0,2.777778,75.0,1.359776
45.1,0.0,2.777778,74.722222,1.359776
45.2,0.0,2.777778,74.444444,1.359776
45.3,0.0,2.777778,74.166667,1.359776
45.4,0.0,2.777778,73.888889,1.359776
45.5,0.0,2.777778,73.611111,1.359776
45.6,0.0,2.777778,73.333333,1.359776
45.7,0.0,2.777778,73.055556,1.359776
45.8,0.0,2.777778,72.777778,1.359776
45.9,0.0,2.777778,72.5,1.359776
46.0,0.0,2.777778,72.222222,1.359776
46.1,0.0,2.777778,71.944444,1.359776
46.2,0.0,2.777778,71.666667,1.359776
46.3,0.0,2.777778,71.388889,1.359776
46.4,0.0,2.777778,71.111111,1.359776
46.5,0.0,2.777778,70.833333,1.359776
46.6,0.0,2.777778,70.555556,1.359776
46.7,0.0,2.777778,70.277778,1.359776
46.8,0.0,2.777778,70.0,1.359776
46.9,0.0,2.777778,69.722222,1.359776
47.0,0.0,2.777778,69.444444,1.359776
47.1,0.0,2.777778,69.166667,1.359776
47.2,0.0,2.777778,68.888889,1.359776
47.3,0.0,2.777778,68.611111,1.359776
47.4,0.0,2.777778,68.333333,1.359776
47.5,0.0,2.777778,68.055556,1.359776
47.6,0.0,2.777778,67.777778,1.359776
47.7,0.0,2.777778,67.5,1.359776
47.8,0.0,2.777778,67.222222,1.359776
47.9,0.0,2.777778,66.944444,1.359776
48.0,0.0,2.777778,66.666667,1.359776
48.1,0.0,2.777778,66.388889,1.359776
48.2,0.0,2.777778,66.111111,1.359776
48.3,0.0,2.777778,65.833333,1.359776
48.4,0.0,2.777778,65.555556,1.359776
48.5,0.0,2.777778,65.277778,1.359776
48.6,0.0,2.777778,65.0,1.359776
48.7,0.0,2.777778,64.722222,1.359776
48.8,0.0,2.777778,64.444444,1.359776
48.9,0.0,2.777778,64.166667,1.359776
49.0,0.0,2.777778,63.888889,1.359776
49.1,0.0,2.777778,63.611111,1.359776
49.2,0.0,2.777778,63.333333,1.359776
49.3,0.0,2.777778,63.055556,1.359776
49.4,0.0,2.777778,62.777778,1.359776
49.5,0.0,2.777778,62.5,1.359776
49.6,0.0,2.777778,62.222222,1.359776
49.7,0.0,2.777778,61.944444,1.359776
49.8,0.0,2.777778,61.666667,1.359776
49.9,0.0,2.777778,61.388889,1.359776
50.0,0.0,2.777778,61.111111,1.359776
50.1,0.0,2.777778,60.833333,1.359776
50.2,0.0,2.777778,60.555556,1.359776
50.3,0.0,2.777778,60.277778,1.359776
50.4,0.0,2.777778,60.0,1.359776
50.5,0.0,2.777778,59.722222,1.359776
50.6,0.0,2.777778,59.444444,1.359776
50.7,0.0,2.777778,59.166667,1.359776
50.8,0.0,2.777778,58.888889,1.359776
50.9,0.0,2.777778,58.611111,1.359776
51.0,0.0,2.777778,58.333333,1.359776
51.1,0.0,2.777778,58.055556,1.359776
51.2,0.0,2.777778,57.777778,1.359776
51.3,0.0,2.777778,57.5,1.359776
51.4,0.0,2.777778,57.222222,1.359776
51.5,0.0,2.777778,56.944444,1.359776
51.6,0.0,2.777778,56.666667,1.359776
51.7,0.0,2.777778,56.388889,1.359776
51.8,0.0,2.777778,56.111111,1.359776
51.9,0.0,2.777778,55.833333,1.359776
52.0,0.0,2.777778,55.555556,1.359776
52.1,0.0,2.777778,55.277778,1.359776
52.2,0.0,2.777778,55.0,1.359776
52.3,0.0,2.777778,54.722222,1.359776
52.4,0.0,2.777778,54.444444,1.359776
52.5,0.0,2.777778,54.166667,1.359776
52.6,0.0,2.777778,53.888889,1.359776
52.7,0.0,2.777778,53.611111,1.359776
52.8,0.0,2.777778,53.333333,1.359776
52.9,0.0,2.777778,53.055556,1.359776
53.0,0.0,2.777778,52.777778,1.359776
53.1,0.0,2.777778,52.5,1.359776
53.2,0.0,2.777778,52.222222,1.359776
53.3,0.0,2.777778,51.944444,1.359776
53.4,0.0,2.777778,51.666667,1.359776
53.5,0.0,2.777778,51.388889,1.359776
53.6,0.0,2.777778,51.111111,1.359776
53.7,0.0,2.777778,50.833333,1.359776
53.8,0.0,2.777778,50.555556,1.359776
53.9,0.0,2.777778,50.277778,1.359776
54.0,0.0,2.777778,50.0,1.359776
54.1,0.0,2.777778,49.722222,1.359776
54.2,0.0,2.777778,49.444444,1.359776
54.3,0.0,2.777778,49.166667,1.359776
54.4,0.0,2.777778,48.888889,1.359776
54.5,0.0,2.777778,48.611111,1.359776
54.6,0.0,2.777778,48.333333,1.359776
54.7,0.0,2.777778,48.055556,1.359776
54.8,0.0,2.777778,47.777778,1.359776
54.9,0.0,2.777778,47.5,1.359776
55.0,0.0,2.777778,47.222222,1.359776
55.1,0.0,2.777778,46.944444,1.359776
55.2,0.0,2.777778,46.666667,1.359776
55.3,0.0,2.777778,46.388889,1.359776
55.4,0.0,2.777778,46.111111,1.359776
55.5,0.0,2.777778,45.833333,1.359776
55.6,0.0,2.777778,45.555556,1.359776
55.7,0.0,2.777778,45.277778,1.359776
55.8,0.0,2.777778,45.0,1.359776
55.9,0.0,2.777778,44.722222,1.359776
56.0,0.0,2.777778,44.444444,1.359776
56.1,0.0,2.777778,44.166667,1.359776
56.2,0.0,2.777778,43.888889,1.359776
56.3,0.0,2.777778,43.611111,1.359776
56.4,0.0,2.777778,43.333333,1.359776
56.5,0.0,2.777778,43.055556,1.359776
56.6,0.0,2.777778,42.777778,1.359776
56.7,0.0,2.777778,42.5,1.359776
56.8,0.0,2.777778,42.222222,1.359776
56.9,0.0,2.777778,41.944444,1.359776
57.0,0.0,2.777778,41.666667,1.359776
57.1,0.0,2.777778,41.388889,1.359776
57.2,0.0,2.777778,41.111111,1.359776
57.3,0.0,2.777778,40.833333,1.359776
57.4,0.0,2.777778,40.555556,1.359776
57.5,0.0,2.777778,40.277778,1.359776
57.6,0.0,2.777778,40.0,1.359776
57.7,0.0,2.777778,39.722222,1.359776
57.8,0.0,2.777778,39.444444,1.359776
57.9,0.0,2.777778,39.166667,1.359776
58.0,0.0,2.777778,38.888889,1.359776
58.1,0.0,2.777778,38.611111,1.359776
58.2,0.0,2.777778,38.333333,1.359776
58.3,0.0,2.777778,38.055556,1.359776
58.4,0.0,2.777778,37.777778,1.359776
58.5,0.0,2.777778,37.5,1.359776
58.6,0.0,2.777778,37.222222,1.359776
58.7,0.0,2.777778,36.944444,1.359776
58.8,0.0,2.777778,36.666667,1.359776
58.9,0.0,2.777778,36.388889,1.359776
59.0,0.0,2.777778,36.111111,1.359776
59.1,0.0,2.777778,35.833333,1.359776
59.2,0.0,2.777778,35.555556,1.359776
59.3,0.0,2.777778,35.277778,1.359776
59.4,0.0,2.777778,35.0,1.359776
59.5,0.0,2.777778,34.722222,1.359776
59.6,0.0,2.777778,34.444444,1.359776
59.7,0.0,2.777778,34.166667,1.359776
59.8,0.0,2.777778,33.888889,1.359776
59.9,0.0,2.777778,33.611111,1.359776
60.0,0.0,2.777778,33.333333,1.359776
60.1,0.0,2.777778,33.055556,1.359776
60.2,0.0,2.777778,32.777778,1.359776
60.3,0.0,2.777778,32.5,1.359776
60.4,0.0,2.777778,32.222222,1.359776
60.5,0.0,2.777778,31.944444,1.359776
60.6,0.0,2.777778,31.666667,1.359776
60.7,0.0,2.777778,31.388889,1.359776
60.8,0.0,2.777778,31.111111,1.359776
60.9,0.0,2.777778,30.833333,1.359776
61.0,0.0,2.777778,30.555556,1.359776
61.1,0.0,2.777778,30.277778,1.359776
61.2,0.0,2.777778,30.0,1.359776
61.3,0.0,2.777778,29.722222,1.359776
61.4,0.0,2.777778,29.444444,1.359776
61.5,0.0,2.777778,29.166667,1.359776
61.6,0.0,2.777778,28.888889,1.359776
61.7,0.0,2.777778,28.611111,1.359776
61.8,0.0,2.777778,28.333333,1.359776
61.9,0.0,2.777778,28.055556,1.359776
62.0,0.0,2.777778,27.777778,1.359776
62.1,0.0,2.777778,27.5,1.359776
62.2,0.0,2.777778,27.222222,1.359776
62.3,0.0,2.777778,26.944444,1.359776
62.4,0.0,2.777778,26.666667,1.359776
62.5,0.0,2.777778,26.388889,1.359776
62.6,0.0,2.777778,26.111111,1.359776
62.7,0.0,2.777778,25.833333,1.359776
62.8,0.0,2.777778,25.555556,1.359776
62.9,0.0,2.777778,25.277778,1.359776
63.0,0.0,2.777778,25.0,1.359776
63.1,0.0,2.777778,24.722222,1.359776
63.2,0.0,2.777778,24.444444,1.359776
63.3,0.0,2.777778,24.166667,1.359776
63.4,0.0,2.777778,23.888889,1.359776
63.5,0.0,2.777778,23.611111,1.359776
63.6,0.0,2.777778,23.333333,1.359776
63.7,0.0,2.777778,23.055556,1.359776
63.8,0.0,2.777778,22.777778,1.359776
63.9,0.0,2.777778,22.5,1.359776
64.0,0.0,2.777778,22.222222,1.359776
64.1,0.0,2.777778,21.944444,1.359776
64.2,0.0,2.777778,21.666667,1.359776
64.3,0.0,2.777778,21.388889,1.359776
64.4,0.0,2.777778,21.111111,1.359776
64.5,0.0,2.777778,20.833333,1.359776
64.6,0.0,2.777778,20.555556,1.359776
64.7,0.0,2.777778,20.277778,1.359776
64.8,0.0,2.777778,20.0,1.359776
64.9,0.0,2.777778,19.722222,1.359776
65.0,0.0,2.777778,19.444444,1.359776
65.1,0.0,2.777778,19.166667,1.359776
65.2,0.0,2.777778,18.888889,1.359776
65.3,0.0,2.777778,18.611111,1.359776
65.4,0.0,2.777778,18.333333,1.359776
65.5,0.0,2.777778,18.055556,1.359776
65.6,0.0,2.777778,17.777778,1.359776
65.7,0.0,2.777778,17.5,1.359776
65.8,0.0,2.777778,17.222222,1.359776
65.9,0.0,2.777778,16.944444,1.359776
66.0,0.0,2.777778,16.666667,1.359776
66.1,0.0,2.777778,16.388889,1.359776
66.2,0.0,2.777778,16.111111,1.359776
66.3,0.0,2.777778,15.833333,1.359776
66.4,0.0,2.777778,15.555556,1.359776
66.5,0.0,2.777778,15.277778,1.359776
66.6,0.0,2.777778,15.0,1.359776
66.7,0.0,2.777778,14.722222,1.359776
66.8,0.0,2.777778,14.444444,1.359776
66.9,0.0,2.777778,14.166667,1.359776
67.0,0.0,2.777778,13.888889,1.359776
67.1,0.0,2.777778,13.611111,1.359776
67.2,0.0,2.777778,13.333333,1.359776
67.3,0.0,2.777778,13.055556,1.359776
67.4,0.0,2.777778,12.777778,1.359776
67.5,0.0,2.777778,12.5,1.359776
67.6,0.0,2.777778,12.222222,1.359776
67.7,0.0,2.777778,11.944444,1.359776
67.8,0.0,2.777778,11.666667,1.359776
67.9,0.0,2.777778,11.388889,1.359776
68.0,0.0,2.777778,11.111111,1.359776
68.1,0.0,2.777778,10.833333,1.359776
68.2,0.0,2.777778,10.555556,1.359776
68.3,0.0,2.777778,10.277778,1.359776
68.4,0.0,2.777778,10.0,1.359776
68.5,0.0,2.777778,9.722222,1.359776
68.6,0.0,2.777778,9.444444,1.359776
68.7,0.0,2.777778,9.166667,1.359776
68.8,0.0,2.777778,8.888889,1.359776
68.9,0.0,2.777778,8.611111,1.359776
69.0,0.0,2.777778,8.333333,1.359776
69.1,0.0,2.777778,8.055556,1.359776
69.2,0.0,2.777778,7.777778,1.359776
69.3,0.0,2.777778,7.5,1.359776
69.4,0.0,2.777778,7.222222,1.359776
69.5,0.0,2.777778,6.944444,1.359776
69.6,0.0,2.777778,6.666667,1.359776
69.7,0.0,2.777778,6.388889,1.359776
69.8,0.0,2.777778,6.111111,1.359776
69.9,0.0,2.777778,5.833333,1.359776
70.0,0.0,2.777778,5.555556,1.359776
70.1,0.0,2.777778,5.277778,1.359776
70.2,0.0,2.777778,5.0,1.359776
70.3,0.0,2.777778,4.722222,1.359776
70.4,0.0,2.777778,4.444444,1.359776
70.5,0.0,2.777778,4.166667,1.359776
70.6,0.0,2.777778,3.888889,1.359776
70.7,0.0,2.777778,3.611111,1.359776
70.8,0.0,2.777778,3.333333,1.359776
70.9,0.0,2.777778,3.055556,1.359776
71.0,0.0,2.777778,2.777778,1.359776
71.1,0.0,2.777778,2.5,1.359776
71.2,0.0,2.777778,2.222222,1.359776
71.3,0.0,2.777778,1.944444,1.359776
71.4,0.0,2.777778,1.666667,1.359776
71.5,0.0,2.777778,1.388889,1.359776
71.6,0.0,2.777778,1.111111,1.359776
71.7,0.0,2.777778,0.833333,1.359776
71.8,0.0,2.777778,0.555556,1.359776
71.9,0.0,2.777778,0.277778,1.359776
72.0,0.0,0.0,0.0,0.0
72.1,0.0,0.0,0.0,0.0
72.2,0.0,0.0,0.0,0.0
72.3,0.0,0.0,0.0,0.0
72.4,0.0,0.0,0.0,0.0
72.5,0.0,0.0,0.0,0.0
72.6,0.0,0.0,0.0,0.0
72.7,0.0,0.0,0.0,0.0
72.8,0.0,0.0,0.0,0.0
72.9,0.0,0.0,0.0,0.0
73.0,0.0,0.0,0.0,0.0
73.1,0.0,0.0,0.0,0.0
73.2,0.0,0.0,0.0,0.0
73.3,0.0,0.0,0.0,0.0
73.4,0.0,0.0,0.0,0.0
73.5,0.0,0.0,0.0,0.0
73.6,0.0,0.0,0.0,0.0
73.7,0.0,0.0,0.0,0.0
73.8,0.0,0.0,0.0,0.0
73.9,0.0,0.0,0.0,0.0
74.0,0.0,0.0,0.0,0.0
74.1,0.0,0.0,0.0,0.0
74.2,0.0,0.0,0.0,0.0
74.3,0.0,0.0,0.0,0.0
74.4,0.0,0.0,0.0,0.0
74.5,0.0,0.0,0.0,0.0
74.6,0.0,0.0,0.0,0.0
74.7,0.0,0.0,0.0,0.0
74.8,0.0,0.0,0.0,0.0
74.9,0.0,0.0,0.0,0.0
75.0,0.0,0.0,0.0,0.0
75.1,0.0,0.0,0.0,0.0
75.2,0.0,0.0,0.0,0.0
75.3,0.0,0.0,0.0,0.0
75.4,0.0,0.0,0.0,0.0
75.5,0.0,0.0,0.0,0.0
75.6,0.0,0.0,0.0,0.0
75.7,0.0,0.0,0.0,0.0
75.8,0.0,0.0,0.0,0.0
75.9,0.0,0.0,0.0,0.0
76.0,0.0,0.0,0.0,0.0
76.1,0.0,0.0,0.0,0.0
76.2,0.0,0.0,0.0,0.0
76.3,0.0,0.0,0.0,0.0
76.4,0.0,0.0,0.0,0.0
76.5,0.0,0.0,0.0,0.0
76.6,0.0,0.0,0.0,0.0
76.7,0.0,0.0,0.0,0.0
76.8,0.0,0.0,0.0,0.0
76.9,0.0,0.0,0.0,0.0
77.0,0.0,0.0,0.0,0.0
77.1,0.0,0.0,0.0,0.0
77.2,0.0,0.0,0.0,0.0
77.3,0.0,0.0,0.0,0.0
77.4,0.0,0.0,0.0,0.0
77.5,0.0,0.0,0.0,0.0
77.6,0.0,0.0,0.0,0.0
77.7,0.0,0.0,0.0,0.0
77.8,0.0,0.0,0.0,0.0
77.9,0.0,0.0,0.0,0.0
78.0,0.0,0.0,0.0,0.0
78.1,0.0,0.0,0.0,0.0
78.2,0.0,0.0,0.0,0.0
78.3,0.0,0.0,0.0,0.0
78.4,0.0,0.0,0.0,0.0
78.5,0.0,0.0,0.0,0.0
78.6,0.0,0.0,0.0,0.0
78.7,0.0,0.0,0.0,0.0
78.8,0.0,0.0,0.0,0.0
78.9,0.0,0.0,0.0,0.0
79.0,0.0,0.0,0.0,0.0
79.1,0.0,0.0,0.0,0.0
79.2,0.0,0.0,0.0,0.0
79.3,0.0,0.0,0.0,0.0
79.4,0.0,0.0,0.0,0.0
79.5,0.0,0.0,0.0,0.0
79.6,0.0,0.0,0.0,0.0
79.7,0.0,0.0,0.0,0.0
79.8,0.0,0.0,0.0,0.0
79.9,0.0,0.0,0.0,0.0
80.0,0.0,0.0,0.0,0.0
80.1,0.0,0.0,0.0,0.0
80.2,0.0,0.0,0.0,0.0
80.3,0.0,0.0,0.0,0.0
80.4,0.0,0.0,0.0,0.0
80.5,0.0,0.0,0.0,0.0
80.6,0.0,0.0,0.0,0.0
80.7,0.0,0.0,0.0,0.0
80.8,0.0,0.0,0.0,0.0
80.9,0.0,0.0,0.0,0.0
81.0,0.0,0.0,0.0,0.0
81.1,0.0,0.0,0.0,0.0
81.2,0.0,0.0,0.0,0.0
81.3,0.0,0.0,0.0,0.0
81.4,0.0,0.0,0.0,0.0
81.5,0.0,0.0,0.0,0.0
81.6,0.0,0.0,0.0,0.0
81.7,0.0,0.0,0.0,0.0
81.8,0.0,0.0,0.0,0.0
81.9,0.0,0.0,0.0,0.0
82.0,0.0,0.0,0.0,0.0
82.1,0.0,0.0,0.0,0.0
82.2,0.0,0.0,0.0,0.0
82.3,0.0,0.0,0.0,0.0
82.4,0.0,0.0,0.0,0.0
82.5,0.0,0.0,0.0,0.0
82.6,0.0,0.0,0.0,0.0
82.7,0.0,0.0,0.0,0.0
82.8,0.0,0.0,0.0,0.0
82.9,0.0,0.0,0.0,0.0
83.0,0.0,0.0,0.0,0.0
83.1,0.0,0.0,0.0,0.0
83.2,0.0,0.0,0.0,0.0
83.3,0.0,0.0,0.0,0.0
83.4,0.0,0.0,0.0,0.0
83.5,0.0,0.0,0.0,0.0
83.6,0.0,0.0,0.0,0.0
83.7,0.0,0.0,0.0,0.0
83.8,0.0,0.0,0.0,0.0
83.9,0.0,0.0,0.0,0.0
84.0,0.0,0.0,0.0,0.0
84.1,0.0,0.0,0.0,0.0
84.2,0.0,0.0,0.0,0.0
84.3,0.0,0.0,0.0,0.0
84.4,0.0,0.0,0.0,0.0
84.5,0.0,0.0,0.0,0.0
84.6,0.0,0.0,0.0,0.0
84.7,0.0,0.0,0.0,0.0
84.8,0.0,0.0,0.0,0.0
84.9,0.0,0.0,0.0,0.0
85.0,0.0,0.0,0.0,0.0
85.1,0.0,0.0,0.0,0.0
85.2,0.0,0.0,0.0,0.0
85.3,0.0,0.0,0.0,0.0
85.4,0.0,0.0,0.0,0.0
85.5,0.0,0.0,0.0,0.0
85.6,0.0,0.0,0.0,0.0
85.7,0.0,0.0,0.0,0.0
85.8,0.0,0.0,0.0,0.0
85.9,0.0,0.0,0.0,0.0
86.0,0.0,0.0,0.0,0.0
86.1,0.0,0.0,0.0,0.0
86.2,0.0,0.0,0.0,0.0
86.3,0.0,0.0,0.0,0.0
86.4,0.0,0.0,0.0,0.0
86.5,0.0,0.0,0.0,0.0
86.6,0.0,0.0,0.0,0.0
86.7,0.0,0.0,0.0,0.0
86.8,0.0,0.0,0.0,0.0
86.9,0.0,0.0,0.0,0.0
87.0,0.0,0.0,0.0,0.0
87.1,0.0,0.0,0.0,0.0
87.2,0.0,0.0,0.0,0.0
87.3,0.0,0.0,0.0,0.0
87.4,0.0,0.0,0.0,0.0
87.5,0.0,0.0,0.0,0.0
87.6,0.0,0.0,0.0,0.0
87.7,0.0,0.0,0.0,0.0
87.8,0.0,0.0,0.0,0.0
87.9,0.0,0.0,0.0,0.0
88.0,0.0,0.0,0.0,0.0
88.1,0.0,0.0,0.0,0.0
88.2,0.0,0.0,0.0,0.0
88.3,0.0,0.0,0.0,0.0
88.4,0.0,0.0,0.0,0.0
88.5,0.0,0.0,0.0,0.0
88.6,0.0,0.0,0.0,0.0
88.7,0.0,0.0,0.0,0.0
88.8,0.0,0.0,0.0,0.0
88.9,0.0,0.0,0.0,0.0
89.0,0.0,0.0,0.0,0.0
89.1,0.0,0.0,0.0,0.0
89.2,0.0,0.0,0.0,0.0
89.3,0.0,0.0,0.0,0.0
89.4,0.0,0.0,0.0,0.0
89.5,0.0,0.0,0.0,0.0
89.6,0.0,0.0,0.0,0.0
89.7,0.0,0.0,0.0,0.0
89.8,0.0,0.0,0.0,0.0
89.9,0.0,0.0,0.0,0.0
90.0,0.0,0.0,0.0,0.0
