time_s,inflow_L_s,controlled_feed_L_s,buffer_L
0.0,0.375,0.0,0.0375
1.0,0.375,0.0,0.4125
2.0,0.375,0.0,0.7875
3.0,0.375,0.0,1.1625
4.0,0.375,0.0,1.5375
5.0,0.375,0.0,1.9125
6.0,0.375,0.0,2.2875
7.0,0.375,0.0,2.6625
8.0,0.375,0.0,3.0375
9.0,0.375,0.0,3.4125
10.0,0.375,0.0,3.7875
11.0,0.375,0.0,4.1625
12.0,0.375,0.0,4.5375
13.0,0.375,0.0,4.9125
14.0,0.375,0.0,5.2875
15.0,0.375,0.0,5.6625
16.0,0.375,0.0,6.0375
17.0,0.375,0.0,6.4125
18.0,0.375,0.0,6.7875
19.0,0.375,0.0,7.1625
20.0,0.375,0.0,7.5375
21.0,0.375,0.0,7.9125
22.0,0.375,0.0,8.2875
23.0,0.375,0.0,8.6625
24.0,0.375,0.0,9.0375
25.0,0.375,0.0,9.4125
26.0,0.375,0.0,9.7875
27.0,0.375,0.0,10.1625
28.0,0.375,0.0,10.5375
29.0,0.375,0.0,10.9125
30.0,0.375,0.0,11.2875
31.0,0.375,0.0,11.6625
32.0,0.375,0.0,12.0375
33.0,0.375,0.0,12.4125
34.0,0.375,0.0,12.7875
35.0,0.375,0.0,13.1625
36.0,0.375,0.0,13.5375
37.0,0.375,0.0,13.9125
38.0,0.375,0.0,14.2875
39.0,0.375,0.0,14.6625
40.0,0.375,0.0,15.0375
41.0,0.375,0.0,15.4125
42.0,0.375,0.0,15.7875
43.0,0.375,0.0,16.1625
44.0,0.375,0.0,16.5375
45.0,0.375,0.0,16.9125
46.0,0.375,0.0,17.2875
47.0,0.375,0.0,17.6625
48.0,0.375,0.0,18.0375
49.0,0.375,0.0,18.4125
50.0,0.375,0.0,18.7875
51.0,0.375,0.0,19.1625
52.0,0.375,0.0,19.5375
53.0,0.375,0.0,19.9125
54.0,0.375,0.0,20.2875
55.0,0.375,0.0,20.6625
56.0,0.375,0.0,21.0375
57.0,0.375,0.0,21.4125
58.0,0.375,0.0,21.7875
59.0,0.375,0.0,22.1625
60.0,0.375,0.0,22.5375
61.0,0.375,0.0,22.9125
62.0,0.375,0.0,23.2875
63.0,0.375,0.0,23.6625
64.0,0.375,0.0,24.0375
65.0,0.375,0.0,24.4125
66.0,0.375,0.0,24.7875
67.0,0.375,0.0,25.1625
68.0,0.375,0.0,25.5375
69.0,0.375,0.0,25.9125
70.0,0.375,0.0,26.2875
71.0,0.375,0.0,26.6625
72.0,0.375,0.0,27.0375
73.0,0.375,0.0,27.4125
74.0,0.375,0.0,27.7875
75.0,0.375,0.0,28.1625
76.0,0.375,0.0,28.5375
77.0,0.375,0.0,28.9125
78.0,0.375,0.0,29.2875
79.0,0.375,0.0,29.6625
80.0,0.375,0.0,30.0375
81.0,0.375,0.0,30.4125
82.0,0.375,0.0,30.7875
83.0,0.375,0.0,31.1625
84.0,0.375,0.0,31.5375
85.0,0.375,0.0,31.9125
86.0,0.375,0.0,32.2875
87.0,0.375,0.0,32.6625
88.0,0.375,0.0,33.0375
89.0,0.375,0.0,33.4125
90.0,0.375,0.0,33.7875
91.0,0.375,0.0,34.1625
92.0,0.375,0.0,34.5375
93.0,0.375,0.0,34.9125
94.0,0.375,0.0,35.2875
95.0,0.375,0.0,35.6625
96.0,0.375,0.0,36.0375
97.0,0.375,0.0,36.4125
98.0,0.375,0.0,36.7875
99.0,0.375,0.0,37.1625
100.0,0.375,0.0,37.5375
101.0,0.375,0.0,37.9125
102.0,0.375,0.0,38.2875
103.0,0.375,0.0,38.6625
104.0,0.375,0.0,39.0375
105.0,0.375,0.0,39.4125
106.0,0.375,0.0,39.7875
107.0,0.375,0.0,40.1625
108.0,0.375,0.0,40.5375
109.0,0.375,0.0,40.9125
110.0,0.375,0.0,41.2875
111.0,0.375,0.0,41.6625
112.0,0.375,0.0,42.0375
113.0,0.375,0.0,42.4125
114.0,0.375,0.0,42.7875
115.0,0.375,0.0,43.1625
116.0,0.375,0.0,43.5375
117.0,0.375,0.0,43.9125
118.0,0.375,0.0,44.2875
119.0,0.375,0.0,44.6625
120.0,0.375,0.0,45.0375
121.0,0.375,0.0,45.4125
122.0,0.375,0.0,45.7875
123.0,0.375,0.0,46.1625
124.0,0.375,0.0,46.5375
125.0,0.375,0.0,46.9125
126.0,0.375,0.0,47.2875
127.0,0.375,0.0,47.6625
128.0,0.375,0.0,48.0375
129.0,0.375,0.0,48.4125
130.0,0.375,0.0,48.7875
131.0,0.375,0.0,49.1625
132.0,0.375,0.0,49.5375
133.0,0.375,0.0,49.9125
134.0,0.375,0.0,50.2875
135.0,0.375,0.0,50.6625
136.0,0.375,0.0,51.0375
137.0,0.375,0.0,51.4125
138.0,0.375,0.0,51.7875
139.0,0.375,0.0,52.1625
140.0,0.375,0.0,52.5375
141.0,0.375,0.0,52.9125
142.0,0.375,0.0,53.2875
143.0,0.375,0.0,53.6625
144.0,0.375,0.0,54.0375
145.0,0.375,0.0,54.4125
146.0,0.375,0.0,54.7875
147.0,0.375,0.0,55.1625
148.0,0.375,0.0,55.5375
149.0,0.375,0.0,55.9125
150.0,0.375,0.0,56.2875
151.0,0.375,0.0,56.6625
152.0,0.375,0.0,57.0375
153.0,0.375,0.0,57.4125
154.0,0.375,0.0,57.7875
155.0,0.375,0.0,58.1625
156.0,0.375,0.0,58.5375
157.0,0.375,0.0,58.9125
158.0,0.375,0.0,59.2875
159.0,0.375,0.0,59.6625
160.0,0.375,0.0,60.0375
161.0,0.375,0.0,60.4125
162.0,0.375,0.0,60.7875
163.0,0.375,0.0,61.1625
164.0,0.375,0.0,61.5375
165.0,0.375,0.0,61.9125
166.0,0.375,0.0,62.2875
167.0,0.375,0.0,62.6625
168.0,0.375,0.0,63.0375
169.0,0.375,0.0,63.4125
170.0,0.375,0.0,63.7875
171.0,0.375,0.0,64.1625
172.0,0.375,0.0,64.5375
173.0,0.375,0.0,64.9125
174.0,0.375,0.0,65.2875
175.0,0.375,0.0,65.6625
176.0,0.375,0.0,66.0375
177.0,0.375,0.0,66.4125
178.0,0.375,0.0,66.7875
179.0,0.375,0.0,67.1625
180.0,0.375,0.0,67.5375
181.0,0.375,0.0,67.9125
182.0,0.375,0.0,68.2875
183.0,0.375,0.0,68.6625
184.0,0.375,0.0,69.0375
185.0,0.375,0.0,69.4125
186.0,0.375,0.0,69.7875
187.0,0.375,0.0,70.1625
188.0,0.375,0.0,70.5375
189.0,0.375,0.0,70.9125
190.0,0.375,0.0,71.2875
191.0,0.375,0.0,71.6625
192.0,0.375,0.0,72.0375
193.0,0.375,0.0,72.4125
194.0,0.375,0.0,72.7875
195.0,0.375,0.0,73.1625
196.0,0.375,0.0,73.5375
197.0,0.375,0.0,73.9125
198.0,0.375,0.0,74.2875
199.0,0.375,0.0,74.6625
200.0,0.375,0.0,75.0375
201.0,0.375,0.0,75.4125
202.0,0.375,0.0,75.7875
203.0,0.375,0.0,76.1625
204.0,0.375,0.0,76.5375
205.0,0.375,0.0,76.9125
206.0,0.375,0.0,77.2875
207.0,0.375,0.0,77.6625
208.0,0.375,0.0,78.0375
209.0,0.375,0.0,78.4125
210.0,0.375,0.0,78.7875
211.0,0.375,0.0,79.1625
212.0,0.375,0.0,79.5375
213.0,0.375,0.0,79.9125
214.0,0.375,0.0,80.2875
215.0,0.375,0.0,80.6625
216.0,0.375,0.0,81.0375
217.0,0.375,0.0,81.4125
218.0,0.375,0.0,81.7875
219.0,0.375,0.0,82.1625
220.0,0.375,0.0,82.5375
221.0,0.375,0.0,82.9125
222.0,0.375,0.0,83.2875
223.0,0.375,0.0,83.6625
224.0,0.375,0.0,84.0375
225.0,0.375,0.0,84.4125
226.0,0.375,0.0,84.7875
227.0,0.375,0.0,85.1625
228.0,0.375,0.0,85.5375
229.0,0.375,0.0,85.9125
230.0,0.375,0.0,86.2875
231.0,0.375,0.0,86.6625
232.0,0.375,0.0,87.0375
233.0,0.375,0.0,87.4125
234.0,0.375,0.0,87.7875
235.0,0.375,0.0,88.1625
236.0,0.375,0.0,88.5375
237.0,0.375,0.0,88.9125
238.0,0.375,0.0,89.2875
239.0,0.375,0.0,89.6625
240.0,0.375,0.0,90.0375
241.0,0.375,0.0,90.4125
242.0,0.375,0.0,90.7875
243.0,0.375,0.0,91.1625
244.0,0.375,0.0,91.5375
245.0,0.375,0.0,91.9125
246.0,0.375,0.0,92.2875
247.0,0.375,0.0,92.6625
248.0,0.375,0.0,93.0375
249.0,0.375,0.0,93.4125
250.0,0.375,0.0,93.7875
251.0,0.375,0.0,94.1625
252.0,0.375,0.0,94.5375
253.0,0.375,0.0,94.9125
254.0,0.375,0.0,95.2875
255.0,0.375,0.0,95.6625
256.0,0.375,0.0,96.0375
257.0,0.375,0.0,96.4125
258.0,0.375,0.0,96.7875
259.0,0.375,0.0,97.1625
260.0,0.375,0.0,97.5375
261.0,0.375,0.0,97.9125
262.0,0.375,0.0,98.2875
263.0,0.375,0.0,98.6625
264.0,0.375,0.0,99.0375
265.0,0.375,0.0,99.4125
266.0,0.375,0.0,99.7875
267.0,0.375,0.0,100.1625
268.0,0.375,0.0,100.5375
269.0,0.375,0.0,100.9125
270.0,0.375,0.0,101.2875
271.0,0.375,0.0,101.6625
272.0,0.375,0.0,102.0375
273.0,0.375,0.0,102.4125
274.0,0.375,0.0,102.7875
275.0,0.375,0.0,103.1625
276.0,0.375,0.0,103.5375
277.0,0.375,0.0,103.9125
278.0,0.375,0.0,104.2875
279.0,0.375,0.0,104.6625
280.0,0.375,0.0,105.0375
281.0,0.375,0.0,105.4125
282.0,0.375,0.0,105.7875
283.0,0.375,0.0,106.1625
284.0,0.375,0.0,106.5375
285.0,0.375,0.0,106.9125
286.0,0.375,0.0,107.2875
287.0,0.375,0.0,107.6625
288.0,0.375,0.0,108.0375
289.0,0.375,0.0,108.4125
290.0,0.375,0.0,108.7875
291.0,0.375,0.0,109.1625
292.0,0.375,0.0,109.5375
293.0,0.375,0.0,109.9125
294.0,0.375,0.0,110.2875
295.0,0.375,0.0,110.6625
296.0,0.375,0.0,111.0375
297.0,0.375,0.0,111.4125
298.0,0.375,0.0,111.7875
299.0,0.375,0.0,112.1625
300.0,0.375,0.0,112.5375
301.0,0.375,0.0,112.9125
302.0,0.375,0.0,113.2875
303.0,0.375,0.0,113.6625
304.0,0.375,0.0,114.0375
305.0,0.375,0.0,114.4125
306.0,0.375,0.0,114.7875
307.0,0.375,0.0,115.1625
308.0,0.375,0.0,115.5375
309.0,0.375,0.0,115.9125
310.0,0.375,0.0,116.2875
311.0,0.375,0.0,116.6625
312.0,0.375,0.0,117.0375
313.0,0.375,0.0,117.4125
314.0,0.375,0.0,117.7875
315.0,0.375,0.0,118.1625
316.0,0.375,0.0,118.5375
317.0,0.375,0.0,118.9125
318.0,0.375,0.0,119.2875
319.0,0.375,0.0,119.6625
320.0,0.375,0.0,120.0375
321.0,0.375,0.0,120.4125
322.0,0.375,0.0,120.7875
323.0,0.375,0.0,121.1625
324.0,0.375,0.0,121.5375
325.0,0.375,0.0,121.9125
326.0,0.375,0.0,122.2875
327.0,0.375,0.0,122.6625
328.0,0.375,0.0,123.0375
329.0,0.375,0.0,123.4125
330.0,0.375,0.0,123.7875
331.0,0.375,0.0,124.1625
332.0,0.375,0.0,124.5375
333.0,0.375,0.0,124.9125
334.0,0.375,0.0,125.2875
335.0,0.375,0.0,125.6625
336.0,0.375,0.0,126.0375
337.0,0.375,0.0,126.4125
338.0,0.375,0.0,126.7875
339.0,0.375,0.0,127.1625
340.0,0.375,0.0,127.5375
341.0,0.375,0.0,127.9125
342.0,0.375,0.0,128.2875
343.0,0.375,0.0,128.6625
344.0,0.375,0.0,129.0375
345.0,0.375,0.0,129.4125
346.0,0.375,0.0,129.7875
347.0,0.375,0.0,130.1625
348.0,0.375,0.0,130.5375
349.0,0.375,0.0,130.9125
350.0,0.375,0.0,131.2875
351.0,0.375,0.0,131.6625
352.0,0.375,0.0,132.0375
353.0,0.375,0.0,132.4125
354.0,0.375,0.0,132.7875
355.0,0.375,0.0,133.1625
356.0,0.375,0.0,133.5375
357.0,0.375,0.0,133.9125
358.0,0.375,0.0,134.2875
359.0,0.375,0.0,134.6625
360.0,0.375,0.0,135.0375
361.0,0.375,0.0,135.4125
362.0,0.375,0.0,135.7875
363.0,0.375,0.0,136.1625
364.0,0.375,0.0,136.5375
365.0,0.375,0.0,136.9125
366.0,0.375,0.0,137.2875
367.0,0.375,0.0,137.6625
368.0,0.375,0.0,138.0375
369.0,0.375,0.0,138.4125
370.0,0.375,0.0,138.7875
371.0,0.375,0.0,139.1625
372.0,0.375,0.0,139.5375
373.0,0.375,0.0,139.9125
374.0,0.375,0.0,140.2875
375.0,0.375,0.0,140.6625
376.0,0.375,0.0,141.0375
377.0,0.375,0.0,141.4125
378.0,0.375,0.0,141.7875
379.0,0.375,0.0,142.1625
380.0,0.375,0.0,142.5375
381.0,0.375,0.0,142.9125
382.0,0.375,0.0,143.2875
383.0,0.375,0.0,143.6625
384.0,0.375,0.0,144.0375
385.0,0.375,0.0,144.4125
386.0,0.375,0.0,144.7875
387.0,0.375,0.0,145.1625
388.0,0.375,0.0,145.5375
389.0,0.375,0.0,145.9125
390.0,0.375,0.0,146.2875
391.0,0.375,0.0,146.6625
392.0,0.375,0.0,147.0375
393.0,0.375,0.0,147.4125
394.0,0.375,0.0,147.7875
395.0,0.375,0.0,148.1625
396.0,0.375,0.0,148.5375
397.0,0.375,0.0,148.9125
398.0,0.375,0.0,149.2875
399.0,0.375,0.0,149.6625
400.0,0.375,0.0,150.0375
401.0,0.375,0.0,150.4125
402.0,0.375,0.0,150.7875
403.0,0.375,0.0,151.1625
404.0,0.375,0.0,151.5375
405.0,0.375,0.0,151.9125
406.0,0.375,0.0,152.2875
407.0,0.375,0.0,152.6625
408.0,0.375,0.0,153.0375
409.0,0.375,0.0,153.4125
410.0,0.375,0.0,153.7875
411.0,0.375,0.0,154.1625
412.0,0.375,0.0,154.5375
413.0,0.375,0.0,154.9125
414.0,0.375,0.0,155.2875
415.0,0.375,0.0,155.6625
416.0,0.375,0.0,156.0375
417.0,0.375,0.0,156.4125
418.0,0.375,0.0,156.7875
419.0,0.375,0.0,157.1625
420.0,0.375,0.0,157.5375
421.0,0.375,0.0,157.9125
422.0,0.375,0.0,158.2875
423.0,0.375,0.0,158.6625
424.0,0.375,0.0,159.0375
425.0,0.375,0.0,159.4125
426.0,0.375,0.0,159.7875
427.0,0.375,0.0,160.1625
428.0,0.375,0.0,160.5375
429.0,0.375,0.0,160.9125
430.0,0.375,0.0,161.2875
431.0,0.375,0.0,161.6625
432.0,0.375,0.0,162.0375
433.0,0.375,0.0,162.4125
434.0,0.375,0.0,162.7875
435.0,0.375,0.0,163.1625
436.0,0.375,0.0,163.5375
437.0,0.375,0.0,163.9125
438.0,0.375,0.0,164.2875
439.0,0.375,0.0,164.6625
440.0,0.375,0.0,165.0375
441.0,0.375,0.0,165.4125
442.0,0.375,0.0,165.7875
443.0,0.375,0.0,166.1625
444.0,0.375,0.0,166.5375
445.0,0.375,0.0,166.9125
446.0,0.375,0.0,167.2875
447.0,0.375,0.0,167.6625
448.0,0.375,0.0,168.0375
449.0,0.375,0.0,168.4125
450.0,0.375,0.0,168.7875
451.0,0.375,0.0,169.1625
452.0,0.375,0.0,169.5375
453.0,0.375,0.0,169.9125
454.0,0.375,0.0,170.2875
455.0,0.375,0.0,170.6625
456.0,0.375,0.0,171.0375
457.0,0.375,0.0,171.4125
458.0,0.375,0.0,171.7875
459.0,0.375,0.0,172.1625
460.0,0.375,0.0,172.5375
461.0,0.375,0.0,172.9125
462.0,0.375,0.0,173.2875
463.0,0.375,0.0,173.6625
464.0,0.375,0.0,174.0375
465.0,0.375,0.0,174.4125
466.0,0.375,0.0,174.7875
467.0,0.375,0.0,175.1625
468.0,0.375,0.0,175.5375
469.0,0.375,0.0,175.9125
470.0,0.375,0.0,176.2875
471.0,0.375,0.0,176.6625
472.0,0.375,0.0,177.0375
473.0,0.375,0.0,177.4125
474.0,0.375,0.0,177.7875
475.0,0.375,0.0,178.1625
476.0,0.375,0.0,178.5375
477.0,0.375,0.0,178.9125
478.0,0.375,0.0,179.2875
479.0,0.375,0.0,179.6625
480.0,0.375,0.0,180.0375
481.0,0.375,0.0,180.4125
482.0,0.375,0.0,180.7875
483.0,0.375,0.0,181.1625
484.0,0.375,0.0,181.5375
485.0,0.375,0.0,181.9125
486.0,0.375,0.0,182.2875
487.0,0.375,0.0,182.6625
488.0,0.375,0.0,183.0375
489.0,0.375,0.0,183.4125
490.0,0.375,0.0,183.7875
491.0,0.375,0.0,184.1625
492.0,0.375,0.0,184.5375
493.0,0.375,0.0,184.9125
494.0,0.375,0.0,185.2875
495.0,0.375,0.0,185.6625
496.0,0.375,0.0,186.0375
497.0,0.375,0.0,186.4125
498.0,0.375,0.0,186.7875
499.0,0.375,0.0,187.1625
500.0,0.375,0.0,187.5375
501.0,0.375,0.0,187.9125
502.0,0.375,0.0,188.2875
503.0,0.375,0.0,188.6625
504.0,0.375,0.0,189.0375
505.0,0.375,0.0,189.4125
506.0,0.375,0.0,189.7875
507.0,0.375,0.0,190.1625
508.0,0.375,0.0,190.5375
509.0,0.375,0.0,190.9125
510.0,0.375,0.0,191.2875
511.0,0.375,0.0,191.6625
512.0,0.375,0.0,192.0375
513.0,0.375,0.0,192.4125
514.0,0.375,0.0,192.7875
515.0,0.375,0.0,193.1625
516.0,0.375,0.0,193.5375
517.0,0.375,0.0,193.9125
518.0,0.375,0.0,194.2875
519.0,0.375,0.0,194.6625
520.0,0.375,0.0,195.0375
521.0,0.375,0.0,195.4125
522.0,0.375,0.0,195.7875
523.0,0.375,0.0,196.1625
524.0,0.375,0.0,196.5375
525.0,0.375,0.0,196.9125
526.0,0.375,0.0,197.2875
527.0,0.375,0.0,197.6625
528.0,0.375,0.0,198.0375
529.0,0.375,0.0,198.4125
530.0,0.375,0.0,198.7875
531.0,0.375,0.0,199.1625
532.0,0.375,0.0,199.5375
533.0,0.375,0.0,199.9125
534.0,0.375,2.777778,198.343056
535.0,0.375,2.777778,195.940278
536.0,0.375,2.777778,193.5375
537.0,0.375,2.777778,191.134722
538.0,0.375,2.777778,188.731944
539.0,0.375,2.777778,186.329167
540.0,0.375,2.777778,183.926389
541.0,0.375,2.777778,181.523611
542.0,0.375,2.777778,179.120833
543.0,0.375,2.777778,176.718056
544.0,0.375,2.777778,174.315278
545.0,0.375,2.777778,171.9125
546.0,0.375,2.777778,169.509722
547.0,0.375,2.777778,167.106944
548.0,0.375,2.777778,164.704167
549.0,0.375,2.777778,162.301389
550.0,0.375,2.777778,159.898611
551.0,0.375,2.777778,157.495833
552.0,0.375,2.777778,155.093056
553.0,0.375,2.777778,152.690278
554.0,0.375,2.777778,150.2875
555.0,0.375,2.777778,147.884722
556.0,0.375,2.777778,145.481944
557.0,0.375,2.777778,143.079167
558.0,0.375,2.777778,140.676389
559.0,0.375,2.777778,138.273611
560.0,0.375,2.777778,135.870833
561.0,0.375,2.777778,133.468056
562.0,0.375,2.777778,131.065278
563.0,0.375,2.777778,128.6625
564.0,0.375,2.777778,126.259722
565.0,0.375,2.777778,123.856944
566.0,0.375,2.777778,121.454167
567.0,0.375,2.777778,119.051389
568.0,0.375,2.777778,116.648611
569.0,0.375,2.777778,114.245833
570.0,0.375,2.777778,111.843056
571.0,0.375,2.777778,109.440278
572.0,0.375,2.777778,107.0375
573.0,0.375,2.777778,104.634722
574.0,0.375,2.777778,102.231944
575.0,0.375,2.777778,99.829167
576.0,0.375,2.777778,97.426389
577.0,0.375,2.777778,95.023611
578.0,0.375,2.777778,92.620833
579.0,0.375,2.777778,90.218056
580.0,0.375,2.777778,87.815278
581.0,0.375,2.777778,85.4125
582.0,0.375,2.777778,83.009722
583.0,0.375,2.777778,80.606944
584.0,0.375,2.777778,78.204167
585.0,0.375,2.777778,75.801389
586.0,0.375,2.777778,73.398611
587.0,0.375,2.777778,70.995833
588.0,0.375,2.777778,68.593056
589.0,0.375,2.777778,66.190278
590.0,0.375,2.777778,63.7875
591.0,0.375,2.777778,61.384722
592.0,0.375,2.777778,58.981944
593.0,0.375,2.777778,56.579167
594.0,0.375,2.777778,54.176389
595.0,0.375,2.777778,51.773611
596.0,0.375,2.777778,49.370833
597.0,0.375,2.777778,46.968056
598.0,0.375,2.777778,44.565278
599.0,0.375,2.777778,42.1625
600.0,0.375,2.777778,39.759722
601.0,0.375,2.777778,37.356944
602.0,0.375,2.777778,34.954167
603.0,0.375,2.777778,32.551389
604.0,0.375,2.777778,30.148611
605.0,0.375,2.777778,27.745833
606.0,0.375,2.777778,25.343056
607.0,0.375,2.777778,22.940278
608.0,0.375,2.777778,20.5375
609.0,0.375,2.777778,18.134722
610.0,0.375,2.777778,15.731944
611.0,0.375,2.777778,13.329167
612.0,0.375,2.777778,10.926389
613.0,0.375,2.777778,8.523611
614.0,0.375,2.777778,6.120833
615.0,0.375,2.777778,3.718056
616.0,0.375,2.777778,1.315278
617.0,0.375,0.0,0.15
618.0,0.375,0.0,0.525
619.0,0.375,0.0,0.9
620.0,0.375,0.0,1.275
621.0,0.375,0.0,1.65
622.0,0.375,0.0,2.025
623.0,0.375,0.0,2.4
624.0,0.375,0.0,2.775
625.0,0.375,0.0,3.15
626.0,0.375,0.0,3.525
627.0,0.375,0.0,3.9
628.0,0.375,0.0,4.275
629.0,0.375,0.0,4.65
630.0,0.375,0.0,5.025
631.0,0.375,0.0,5.4
632.0,0.375,0.0,5.775
633.0,0.375,0.0,6.15
634.0,0.375,0.0,6.525
635.0,0.375,0.0,6.9
636.0,0.375,0.0,7.275
637.0,0.375,0.0,7.65
638.0,0.375,0.0,8.025
639.0,0.375,0.0,8.4
640.0,0.375,0.0,8.775
641.0,0.375,0.0,9.15
642.0,0.375,0.0,9.525
643.0,0.375,0.0,9.9
644.0,0.375,0.0,10.275
645.0,0.375,0.0,10.65
646.0,0.375,0.0,11.025
647.0,0.375,0.0,11.4
648.0,0.375,0.0,11.775
649.0,0.375,0.0,12.15
650.0,0.375,0.0,12.525
651.0,0.375,0.0,12.9
652.0,0.375,0.0,13.275
653.0,0.375,0.0,13.65
654.0,0.375,0.0,14.025
655.0,0.375,0.0,14.4
656.0,0.375,0.0,14.775
657.0,0.375,0.0,15.15
658.0,0.375,0.0,15.525
659.0,0.375,0.0,15.9
660.0,0.375,0.0,16.275
661.0,0.375,0.0,16.65
662.0,0.375,0.0,17.025
663.0,0.375,0.0,17.4
664.0,0.375,0.0,17.775
665.0,0.375,0.0,18.15
666.0,0.375,0.0,18.525
667.0,0.375,0.0,18.9
668.0,0.375,0.0,19.275
669.0,0.375,0.0,19.65
670.0,0.375,0.0,20.025
671.0,0.375,0.0,20.4
672.0,0.375,0.0,20.775
673.0,0.375,0.0,21.15
674.0,0.375,0.0,21.525
675.0,0.375,0.0,21.9
676.0,0.375,0.0,22.275
677.0,0.375,0.0,22.65
678.0,0.375,0.0,23.025
679.0,0.375,0.0,23.4
680.0,0.375,0.0,23.775
681.0,0.375,0.0,24.15
682.0,0.375,0.0,24.525
683.0,0.375,0.0,24.9
684.0,0.375,0.0,25.275
685.0,0.375,0.0,25.65
686.0,0.375,0.0,26.025
687.0,0.375,0.0,26.4
688.0,0.375,0.0,26.775
689.0,0.375,0.0,27.15
690.0,0.375,0.0,27.525
691.0,0.375,0.0,27.9
692.0,0.375,0.0,28.275
693.0,0.375,0.0,28.65
694.0,0.375,0.0,29.025
695.0,0.375,0.0,29.4
696.0,0.375,0.0,29.775
697.0,0.375,0.0,30.15
698.0,0.375,0.0,30.525
699.0,0.375,0.0,30.9
700.0,0.375,0.0,31.275
701.0,0.375,0.0,31.65
702.0,0.375,0.0,32.025
703.0,0.375,0.0,32.4
704.0,0.375,0.0,32.775
705.0,0.375,0.0,33.15
706.0,0.375,0.0,33.525
707.0,0.375,0.0,33.9
708.0,0.375,0.0,34.275
709.0,0.375,0.0,34.65
710.0,0.375,0.0,35.025
711.0,0.375,0.0,35.4
712.0,0.375,0.0,35.775
713.0,0.375,0.0,36.15
714.0,0.375,0.0,36.525
715.0,0.375,0.0,36.9
716.0,0.375,0.0,37.275
717.0,0.375,0.0,37.65
718.0,0.375,0.0,38.025
719.0,0.375,0.0,38.4
720.0,0.375,0.0,38.775
721.0,0.375,0.0,39.15
722.0,0.375,0.0,39.525
723.0,0.375,0.0,39.9
724.0,0.375,0.0,40.275
725.0,0.375,0.0,40.65
726.0,0.375,0.0,41.025
727.0,0.375,0.0,41.4
728.0,0.375,0.0,41.775
729.0,0.375,0.0,42.15
730.0,0.375,0.0,42.525
731.0,0.375,0.0,42.9
732.0,0.375,0.0,43.275
733.0,0.375,0.0,43.65
734.0,0.375,0.0,44.025
735.0,0.375,0.0,44.4
736.0,0.375,0.0,44.775
737.0,0.375,0.0,45.15
738.0,0.375,0.0,45.525
739.0,0.375,0.0,45.9
740.0,0.375,0.0,46.275
741.0,0.375,0.0,46.65
742.0,0.375,0.0,47.025
743.0,0.375,0.0,47.4
744.0,0.375,0.0,47.775
745.0,0.375,0.0,48.15
746.0,0.375,0.0,48.525
747.0,0.375,0.0,48.9
748.0,0.375,0.0,49.275
749.0,0.375,0.0,49.65
750.0,0.375,0.0,50.025
751.0,0.375,0.0,50.4
752.0,0.375,0.0,50.775
753.0,0.375,0.0,51.15
754.0,0.375,0.0,51.525
755.0,0.375,0.0,51.9
756.0,0.375,0.0,52.275
757.0,0.375,0.0,52.65
758.0,0.375,0.0,53.025
759.0,0.375,0.0,53.4
760.0,0.375,0.0,53.775
761.0,0.375,0.0,54.15
762.0,0.375,0.0,54.525
763.0,0.375,0.0,54.9
764.0,0.375,0.0,55.275
765.0,0.375,0.0,55.65
766.0,0.375,0.0,56.025
767.0,0.375,0.0,56.4
768.0,0.375,0.0,56.775
769.0,0.375,0.0,57.15
770.0,0.375,0.0,57.525
771.0,0.375,0.0,57.9
772.0,0.375,0.0,58.275
773.0,0.375,0.0,58.65
774.0,0.375,0.0,59.025
775.0,0.375,0.0,59.4
776.0,0.375,0.0,59.775
777.0,0.375,0.0,60.15
778.0,0.375,0.0,60.525
779.0,0.375,0.0,60.9
780.0,0.375,0.0,61.275
781.0,0.375,0.0,61.65
782.0,0.375,0.0,62.025
783.0,0.375,0.0,62.4
784.0,0.375,0.0,62.775
785.0,0.375,0.0,63.15
786.0,0.375,0.0,63.525
787.0,0.375,0.0,63.9
788.0,0.375,0.0,64.275
789.0,0.375,0.0,64.65
790.0,0.375,0.0,65.025
791.0,0.375,0.0,65.4
792.0,0.375,0.0,65.775
793.0,0.375,0.0,66.15
794.0,0.375,0.0,66.525
795.0,0.375,0.0,66.9
796.0,0.375,0.0,67.275
797.0,0.375,0.0,67.65
798.0,0.375,0.0,68.025
799.0,0.375,0.0,68.4
800.0,0.375,0.0,68.775
801.0,0.375,0.0,69.15
802.0,0.375,0.0,69.525
803.0,0.375,0.0,69.9
804.0,0.375,0.0,70.275
805.0,0.375,0.0,70.65
806.0,0.375,0.0,71.025
807.0,0.375,0.0,71.4
808.0,0.375,0.0,71.775
809.0,0.375,0.0,72.15
810.0,0.375,0.0,72.525
811.0,0.375,0.0,72.9
812.0,0.375,0.0,73.275
813.0,0.375,0.0,73.65
814.0,0.375,0.0,74.025
815.0,0.375,0.0,74.4
816.0,0.375,0.0,74.775
817.0,0.375,0.0,75.15
818.0,0.375,0.0,75.525
819.0,0.375,0.0,75.9
820.0,0.375,0.0,76.275
821.0,0.375,0.0,76.65
822.0,0.375,0.0,77.025
823.0,0.375,0.0,77.4
824.0,0.375,0.0,77.775
825.0,0.375,0.0,78.15
826.0,0.375,0.0,78.525
827.0,0.375,0.0,78.9
828.0,0.375,0.0,79.275
829.0,0.375,0.0,79.65
830.0,0.375,0.0,80.025
831.0,0.375,0.0,80.4
832.0,0.375,0.0,80.775
833.0,0.375,0.0,81.15
834.0,0.375,0.0,81.525
835.0,0.375,0.0,81.9
836.0,0.375,0.0,82.275
837.0,0.375,0.0,82.65
838.0,0.375,0.0,83.025
839.0,0.375,0.0,83.4
840.0,0.375,0.0,83.775
841.0,0.375,0.0,84.15
842.0,0.375,0.0,84.525
843.0,0.375,0.0,84.9
844.0,0.375,0.0,85.275
845.0,0.375,0.0,85.65
846.0,0.375,0.0,86.025
847.0,0.375,0.0,86.4
848.0,0.375,0.0,86.775
849.0,0.375,0.0,87.15
850.0,0.375,0.0,87.525
851.0,0.375,0.0,87.9
852.0,0.375,0.0,88.275
853.0,0.375,0.0,88.65
854.0,0.375,0.0,89.025
855.0,0.375,0.0,89.4
856.0,0.375,0.0,89.775
857.0,0.375,0.0,90.15
858.0,0.375,0.0,90.525
859.0,0.375,0.0,90.9
860.0,0.375,0.0,91.275
861.0,0.375,0.0,91.65
862.0,0.375,0.0,92.025
863.0,0.375,0.0,92.4
864.0,0.375,0.0,92.775
865.0,0.375,0.0,93.15
866.0,0.375,0.0,93.525
867.0,0.375,0.0,93.9
868.0,0.375,0.0,94.275
869.0,0.375,0.0,94.65
870.0,0.375,0.0,95.025
871.0,0.375,0.0,95.4
872.0,0.375,0.0,95.775
873.0,0.375,0.0,96.15
874.0,0.375,0.0,96.525
875.0,0.375,0.0,96.9
876.0,0.375,0.0,97.275
877.0,0.375,0.0,97.65
878.0,0.375,0.0,98.025
879.0,0.375,0.0,98.4
880.0,0.375,0.0,98.775
881.0,0.375,0.0,99.15
882.0,0.375,0.0,99.525
883.0,0.375,0.0,99.9
884.0,0.375,0.0,100.275
885.0,0.375,0.0,100.65
886.0,0.375,0.0,101.025
887.0,0.375,0.0,101.4
888.0,0.375,0.0,101.775
889.0,0.375,0.0,102.15
890.0,0.375,0.0,102.525
891.0,0.375,0.0,102.9
892.0,0.375,0.0,103.275
893.0,0.375,0.0,103.65
894.0,0.375,0.0,104.025
895.0,0.375,0.0,104.4
896.0,0.375,0.0,104.775
897.0,0.375,0.0,105.15
898.0,0.375,0.0,105.525
899.0,0.375,0.0,105.9
900.0,0.375,0.0,106.275
901.0,0.375,0.0,106.65
902.0,0.375,0.0,107.025
903.0,0.375,0.0,107.4
904.0,0.375,0.0,107.775
905.0,0.375,0.0,108.15
906.0,0.375,0.0,108.525
907.0,0.375,0.0,108.9
908.0,0.375,0.0,109.275
909.0,0.375,0.0,109.65
910.0,0.375,0.0,110.025
911.0,0.375,0.0,110.4
912.0,0.375,0.0,110.775
913.0,0.375,0.0,111.15
914.0,0.375,0.0,111.525
915.0,0.375,0.0,111.9
916.0,0.375,0.0,112.275
917.0,0.375,0.0,112.65
918.0,0.375,0.0,113.025
919.0,0.375,0.0,113.4
920.0,0.375,0.0,113.775
921.0,0.375,0.0,114.15
922.0,0.375,0.0,114.525
923.0,0.375,0.0,114.9
924.0,0.375,0.0,115.275
925.0,0.375,0.0,115.65
926.0,0.375,0.0,116.025
927.0,0.375,0.0,116.4
928.0,0.375,0.0,116.775
929.0,0.375,0.0,117.15
930.0,0.375,0.0,117.525
931.0,0.375,0.0,117.9
932.0,0.375,0.0,118.275
933.0,0.375,0.0,118.65
934.0,0.375,0.0,119.025
935.0,0.375,0.0,119.4
936.0,0.375,0.0,119.775
937.0,0.375,0.0,120.15
938.0,0.375,0.0,120.525
939.0,0.375,0.0,120.9
940.0,0.375,0.0,121.275
941.0,0.375,0.0,121.65
942.0,0.375,0.0,122.025
943.0,0.375,0.0,122.4
944.0,0.375,0.0,122.775
945.0,0.375,0.0,123.15
946.0,0.375,0.0,123.525
947.0,0.375,0.0,123.9
948.0,0.375,0.0,124.275
949.0,0.375,0.0,124.65
950.0,0.375,0.0,125.025
951.0,0.375,0.0,125.4
952.0,0.375,0.0,125.775
953.0,0.375,0.0,126.15
954.0,0.375,0.0,126.525
955.0,0.375,0.0,126.9
956.0,0.375,0.0,127.275
957.0,0.375,0.0,127.65
958.0,0.375,0.0,128.025
959.0,0.375,0.0,128.4
960.0,0.375,0.0,128.775
961.0,0.375,0.0,129.15
962.0,0.375,0.0,129.525
963.0,0.375,0.0,129.9
964.0,0.375,0.0,130.275
965.0,0.375,0.0,130.65
966.0,0.375,0.0,131.025
967.0,0.375,0.0,131.4
968.0,0.375,0.0,131.775
969.0,0.375,0.0,132.15
970.0,0.375,0.0,132.525
971.0,0.375,0.0,132.9
972.0,0.375,0.0,133.275
973.0,0.375,0.0,133.65
974.0,0.375,0.0,134.025
975.0,0.375,0.0,134.4
976.0,0.375,0.0,134.775
977.0,0.375,0.0,135.15
978.0,0.375,0.0,135.525
979.0,0.375,0.0,135.9
980.0,0.375,0.0,136.275
981.0,0.375,0.0,136.65
982.0,0.375,0.0,137.025
983.0,0.375,0.0,137.4
984.0,0.375,0.0,137.775
985.0,0.375,0.0,138.15
986.0,0.375,0.0,138.525
987.0,0.375,0.0,138.9
988.0,0.375,0.0,139.275
989.0,0.375,0.0,139.65
990.0,0.375,0.0,140.025
991.0,0.375,0.0,140.4
992.0,0.375,0.0,140.775
993.0,0.375,0.0,141.15
994.0,0.375,0.0,141.525
995.0,0.375,0.0,141.9
996.0,0.375,0.0,142.275
997.0,0.375,0.0,142.65
998.0,0.375,0.0,143.025
999.0,0.375,0.0,143.4
1000.0,0.375,0.0,143.775
1001.0,0.375,0.0,144.15
1002.0,0.375,0.0,144.525
1003.0,0.375,0.0,144.9
1004.0,0.375,0.0,145.275
1005.0,0.375,0.0,145.65
1006.0,0.375,0.0,146.025
1007.0,0.375,0.0,146.4
1008.0,0.375,0.0,146.775
1009.0,0.375,0.0,147.15
1010.0,0.375,0.0,147.525
1011.0,0.375,0.0,147.9
1012.0,0.375,0.0,148.275
1013.0,0.375,0.0,148.65
1014.0,0.375,0.0,149.025
1015.0,0.375,0.0,149.4
1016.0,0.375,0.0,149.775
1017.0,0.375,0.0,150.15
1018.0,0.375,0.0,150.525
1019.0,0.375,0.0,150.9
1020.0,0.375,0.0,151.275
1021.0,0.375,0.0,151.65
1022.0,0.375,0.0,152.025
1023.0,0.375,0.0,152.4
1024.0,0.375,0.0,152.775
1025.0,0.375,0.0,153.15
1026.0,0.375,0.0,153.525
1027.0,0.375,0.0,153.9
1028.0,0.375,0.0,154.275
1029.0,0.375,0.0,154.65
1030.0,0.375,0.0,155.025
1031.0,0.375,0.0,155.4
1032.0,0.375,0.0,155.775
1033.0,0.375,0.0,156.15
1034.0,0.375,0.0,156.525
1035.0,0.375,0.0,156.9
1036.0,0.375,0.0,157.275
1037.0,0.375,0.0,157.65
1038.0,0.375,0.0,158.025
1039.0,0.375,0.0,158.4
1040.0,0.375,0.0,158.775
1041.0,0.375,0.0,159.15
1042.0,0.375,0.0,159.525
1043.0,0.375,0.0,159.9
1044.0,0.375,0.0,160.275
1045.0,0.375,0.0,160.65
1046.0,0.375,0.0,161.025
1047.0,0.375,0.0,161.4
1048.0,0.375,0.0,161.775
1049.0,0.375,0.0,162.15
1050.0,0.375,0.0,162.525
1051.0,0.375,0.0,162.9
1052.0,0.375,0.0,163.275
1053.0,0.375,0.0,163.65
1054.0,0.375,0.0,164.025
1055.0,0.375,0.0,164.4
1056.0,0.375,0.0,164.775
1057.0,0.375,0.0,165.15
1058.0,0.375,0.0,165.525
1059.0,0.375,0.0,165.9
1060.0,0.375,0.0,166.275
1061.0,0.375,0.0,166.65
1062.0,0.375,0.0,167.025
1063.0,0.375,0.0,167.4
1064.0,0.375,0.0,167.775
1065.0,0.375,0.0,168.15
1066.0,0.375,0.0,168.525
1067.0,0.375,0.0,168.9
1068.0,0.375,0.0,169.275
1069.0,0.375,0.0,169.65
1070.0,0.375,0.0,170.025
1071.0,0.375,0.0,170.4
1072.0,0.375,0.0,170.775
1073.0,0.375,0.0,171.15
1074.0,0.375,0.0,171.525
1075.0,0.375,0.0,171.9
1076.0,0.375,0.0,172.275
1077.0,0.375,0.0,172.65
1078.0,0.375,0.0,173.025
1079.0,0.375,0.0,173.4
1080.0,0.375,0.0,173.775
1081.0,0.375,0.0,174.15
1082.0,0.375,0.0,174.525
1083.0,0.375,0.0,174.9
1084.0,0.375,0.0,175.275
1085.0,0.375,0.0,175.65
1086.0,0.375,0.0,176.025
1087.0,0.375,0.0,176.4
1088.0,0.375,0.0,176.775
1089.0,0.375,0.0,177.15
1090.0,0.375,0.0,177.525
1091.0,0.375,0.0,177.9
1092.0,0.375,0.0,178.275
1093.0,0.375,0.0,178.65
1094.0,0.375,0.0,179.025
1095.0,0.375,0.0,179.4
1096.0,0.375,0.0,179.775
1097.0,0.375,0.0,180.15
1098.0,0.375,0.0,180.525
1099.0,0.375,0.0,180.9
1100.0,0.375,0.0,181.275
1101.0,0.375,0.0,181.65
1102.0,0.375,0.0,182.025
1103.0,0.375,0.0,182.4
1104.0,0.375,0.0,182.775
1105.0,0.375,0.0,183.15
1106.0,0.375,0.0,183.525
1107.0,0.375,0.0,183.9
1108.0,0.375,0.0,184.275
1109.0,0.375,0.0,184.65
1110.0,0.375,0.0,185.025
1111.0,0.375,0.0,185.4
1112.0,0.375,0.0,185.775
1113.0,0.375,0.0,186.15
1114.0,0.375,0.0,186.525
1115.0,0.375,0.0,186.9
1116.0,0.375,0.0,187.275
1117.0,0.375,0.0,187.65
1118.0,0.375,0.0,188.025
1119.0,0.375,0.0,188.4
1120.0,0.375,0.0,188.775
1121.0,0.375,0.0,189.15
1122.0,0.375,0.0,189.525
1123.0,0.375,0.0,189.9
1124.0,0.375,0.0,190.275
1125.0,0.375,0.0,190.65
1126.0,0.375,0.0,191.025
1127.0,0.375,0.0,191.4
1128.0,0.375,0.0,191.775
1129.0,0.375,0.0,192.15
1130.0,0.375,0.0,192.525
1131.0,0.375,0.0,192.9
1132.0,0.375,0.0,193.275
1133.0,0.375,0.0,193.65
1134.0,0.375,0.0,194.025
1135.0,0.375,0.0,194.4
1136.0,0.375,0.0,194.775
1137.0,0.375,0.0,195.15
1138.0,0.375,0.0,195.525
1139.0,0.375,0.0,195.9
1140.0,0.375,0.0,196.275
1141.0,0.375,0.0,196.65
1142.0,0.375,0.0,197.025
1143.0,0.375,0.0,197.4
1144.0,0.375,0.0,197.775
1145.0,0.375,0.0,198.15
1146.0,0.375,0.0,198.525
1147.0,0.375,0.0,198.9
1148.0,0.375,0.0,199.275
1149.0,0.375,0.0,199.65
1150.0,0.375,0.0,200.025
1151.0,0.375,2.777778,197.622222
1152.0,0.375,2.777778,195.219444
1153.0,0.375,2.777778,192.816667
1154.0,0.375,2.777778,190.413889
1155.0,0.375,2.777778,188.011111
1156.0,0.375,2.777778,185.608333
1157.0,0.375,2.777778,183.205556
1158.0,0.375,2.777778,180.802778
1159.0,0.375,2.777778,178.4
1160.0,0.375,2.777778,175.997222
1161.0,0.375,2.777778,173.594444
1162.0,0.375,2.777778,171.191667
1163.0,0.375,2.777778,168.788889
1164.0,0.375,2.777778,166.386111
1165.0,0.375,2.777778,163.983333
1166.0,0.375,2.777778,161.580556
1167.0,0.375,2.777778,159.177778
1168.0,0.375,2.777778,156.775
1169.0,0.375,2.777778,154.372222
1170.0,0.375,2.777778,151.969444
1171.0,0.375,2.777778,149.566667
1172.0,0.375,2.777778,147.163889
1173.0,0.375,2.777778,144.761111
1174.0,0.375,2.777778,142.358333
1175.0,0.375,2.777778,139.955556
1176.0,0.375,2.777778,137.552778
1177.0,0.375,2.777778,135.15
1178.0,0.375,2.777778,132.747222
1179.0,0.375,2.777778,130.344444
1180.0,0.375,2.777778,127.941667
1181.0,0.375,2.777778,125.538889
1182.0,0.375,2.777778,123.136111
1183.0,0.375,2.777778,120.733333
1184.0,0.375,2.777778,118.330556
1185.0,0.375,2.777778,115.927778
1186.0,0.375,2.777778,113.525
1187.0,0.375,2.777778,111.122222
1188.0,0.375,2.777778,108.719444
1189.0,0.375,2.777778,106.316667
1190.0,0.375,2.777778,103.913889
1191.0,0.375,2.777778,101.511111
1192.0,0.375,2.777778,99.108333
1193.0,0.375,2.777778,96.705556
1194.0,0.375,2.777778,94.302778
1195.0,0.375,2.777778,91.9
1196.0,0.375,2.777778,89.497222
1197.0,0.375,2.777778,87.094444
1198.0,0.375,2.777778,84.691667
1199.0,0.375,2.777778,82.288889
1200.0,0.375,2.777778,79.886111
1201.0,0.375,2.777778,77.483333
1202.0,0.375,2.777778,75.080556
1203.0,0.375,2.777778,72.677778
1204.0,0.375,2.777778,70.275
1205.0,0.375,2.777778,67.872222
1206.0,0.375,2.777778,65.469444
1207.0,0.375,2.777778,63.066667
1208.0,0.375,2.777778,60.663889
1209.0,0.375,2.777778,58.261111
1210.0,0.375,2.777778,55.858333
1211.0,0.375,2.777778,53.455556
1212.0,0.375,2.777778,51.052778
1213.0,0.375,2.777778,48.65
1214.0,0.375,2.777778,46.247222
1215.0,0.375,2.777778,43.844444
1216.0,0.375,2.777778,41.441667
1217.0,0.375,2.777778,39.038889
1218.0,0.375,2.777778,36.636111
1219.0,0.375,2.777778,34.233333
1220.0,0.375,2.777778,31.830556
1221.0,0.375,2.777778,29.427778
1222.0,0.375,2.777778,27.025
1223.0,0.375,2.777778,24.622222
1224.0,0.375,2.777778,22.219444
1225.0,0.375,2.777778,19.816667
1226.0,0.375,2.777778,17.413889
1227.0,0.375,2.777778,15.011111
1228.0,0.375,2.777778,12.608333
1229.0,0.375,2.777778,10.205556
1230.0,0.375,2.777778,7.802778
1231.0,0.375,2.777778,5.4
1232.0,0.375,2.777778,2.997222
1233.0,0.375,2.777778,0.594444
1234.0,0.375,0.0,0.2625
1235.0,0.375,0.0,0.6375
1236.0,0.375,0.0,1.0125
1237.0,0.375,0.0,1.3875
1238.0,0.375,0.0,1.7625
1239.0,0.375,0.0,2.1375
1240.0,0.375,0.0,2.5125
1241.0,0.375,0.0,2.8875
1242.0,0.375,0.0,3.2625
1243.0,0.375,0.0,3.6375
1244.0,0.375,0.0,4.0125
1245.0,0.375,0.0,4.3875
1246.0,0.375,0.0,4.7625
1247.0,0.375,0.0,5.1375
1248.0,0.375,0.0,5.5125
1249.0,0.375,0.0,5.8875
1250.0,0.375,0.0,6.2625
1251.0,0.375,0.0,6.6375
1252.0,0.375,0.0,7.0125
1253.0,0.375,0.0,7.3875
1254.0,0.375,0.0,7.7625
1255.0,0.375,0.0,8.1375
1256.0,0.375,0.0,8.5125
1257.0,0.375,0.0,8.8875
1258.0,0.375,0.0,9.2625
1259.0,0.375,0.0,9.6375
1260.0,0.375,0.0,10.0125
1261.0,0.375,0.0,10.3875
1262.0,0.375,0.0,10.7625
1263.0,0.375,0.0,11.1375
1264.0,0.375,0.0,11.5125
1265.0,0.375,0.0,11.8875
1266.0,0.375,0.0,12.2625
1267.0,0.375,0.0,12.6375
1268.0,0.375,0.0,13.0125
1269.0,0.375,0.0,13.3875
1270.0,0.375,0.0,13.7625
1271.0,0.375,0.0,14.1375
1272.0,0.375,0.0,14.5125
1273.0,0.375,0.0,14.8875
1274.0,0.375,0.0,15.2625
1275.0,0.375,0.0,15.6375
1276.0,0.375,0.0,16.0125
1277.0,0.375,0.0,16.3875
1278.0,0.375,0.0,16.7625
1279.0,0.375,0.0,17.1375
1280.0,0.375,0.0,17.5125
1281.0,0.375,0.0,17.8875
1282.0,0.375,0.0,18.2625
1283.0,0.375,0.0,18.6375
1284.0,0.375,0.0,19.0125
1285.0,0.375,0.0,19.3875
1286.0,0.375,0.0,19.7625
1287.0,0.375,0.0,20.1375
1288.0,0.375,0.0,20.5125
1289.0,0.375,0.0,20.8875
1290.0,0.375,0.0,21.2625
1291.0,0.375,0.0,21.6375
1292.0,0.375,0.0,22.0125
1293.0,0.375,0.0,22.3875
1294.0,0.375,0.0,22.7625
1295.0,0.375,0.0,23.1375
1296.0,0.375,0.0,23.5125
1297.0,0.375,0.0,23.8875
1298.0,0.375,0.0,24.2625
1299.0,0.375,0.0,24.6375
1300.0,0.375,0.0,25.0125
1301.0,0.375,0.0,25.3875
1302.0,0.375,0.0,25.7625
1303.0,0.375,0.0,26.1375
1304.0,0.375,0.0,26.5125
1305.0,0.375,0.0,26.8875
1306.0,0.375,0.0,27.2625
1307.0,0.375,0.0,27.6375
1308.0,0.375,0.0,28.0125
1309.0,0.375,0.0,28.3875
1310.0,0.375,0.0,28.7625
1311.0,0.375,0.0,29.1375
1312.0,0.375,0.0,29.5125
1313.0,0.375,0.0,29.8875
1314.0,0.375,0.0,30.2625
1315.0,0.375,0.0,30.6375
1316.0,0.375,0.0,31.0125
1317.0,0.375,0.0,31.3875
1318.0,0.375,0.0,31.7625
1319.0,0.375,0.0,32.1375
1320.0,0.375,0.0,32.5125
1321.0,0.375,0.0,32.8875
1322.0,0.375,0.0,33.2625
1323.0,0.375,0.0,33.6375
1324.0,0.375,0.0,34.0125
1325.0,0.375,0.0,34.3875
1326.0,0.375,0.0,34.7625
1327.0,0.375,0.0,35.1375
1328.0,0.375,0.0,35.5125
1329.0,0.375,0.0,35.8875
1330.0,0.375,0.0,36.2625
1331.0,0.375,0.0,36.6375
1332.0,0.375,0.0,37.0125
1333.0,0.375,0.0,37.3875
1334.0,0.375,0.0,37.7625
1335.0,0.375,0.0,38.1375
1336.0,0.375,0.0,38.5125
1337.0,0.375,0.0,38.8875
1338.0,0.375,0.0,39.2625
1339.0,0.375,0.0,39.6375
1340.0,0.375,0.0,40.0125
1341.0,0.375,0.0,40.3875
1342.0,0.375,0.0,40.7625
1343.0,0.375,0.0,41.1375
1344.0,0.375,0.0,41.5125
1345.0,0.375,0.0,41.8875
1346.0,0.375,0.0,42.2625
1347.0,0.375,0.0,42.6375
1348.0,0.375,0.0,43.0125
1349.0,0.375,0.0,43.3875
1350.0,0.375,0.0,43.7625
1351.0,0.375,0.0,44.1375
1352.0,0.375,0.0,44.5125
1353.0,0.375,0.0,44.8875
1354.0,0.375,0.0,45.2625
1355.0,0.375,0.0,45.6375
1356.0,0.375,0.0,46.0125
1357.0,0.375,0.0,46.3875
1358.0,0.375,0.0,46.7625
1359.0,0.375,0.0,47.1375
1360.0,0.375,0.0,47.5125
1361.0,0.375,0.0,47.8875
1362.0,0.375,0.0,48.2625
1363.0,0.375,0.0,48.6375
1364.0,0.375,0.0,49.0125
1365.0,0.375,0.0,49.3875
1366.0,0.375,0.0,49.7625
1367.0,0.375,0.0,50.1375
1368.0,0.375,0.0,50.5125
1369.0,0.375,0.0,50.8875
1370.0,0.375,0.0,51.2625
1371.0,0.375,0.0,51.6375
1372.0,0.375,0.0,52.0125
1373.0,0.375,0.0,52.3875
1374.0,0.375,0.0,52.7625
1375.0,0.375,0.0,53.1375
1376.0,0.375,0.0,53.5125
1377.0,0.375,0.0,53.8875
1378.0,0.375,0.0,54.2625
1379.0,0.375,0.0,54.6375
1380.0,0.375,0.0,55.0125
1381.0,0.375,0.0,55.3875
1382.0,0.375,0.0,55.7625
1383.0,0.375,0.0,56.1375
1384.0,0.375,0.0,56.5125
1385.0,0.375,0.0,56.8875
1386.0,0.375,0.0,57.2625
1387.0,0.375,0.0,57.6375
1388.0,0.375,0.0,58.0125
1389.0,0.375,0.0,58.3875
1390.0,0.375,0.0,58.7625
1391.0,0.375,0.0,59.1375
1392.0,0.375,0.0,59.5125
1393.0,0.375,0.0,59.8875
1394.0,0.375,0.0,60.2625
1395.0,0.375,0.0,60.6375
1396.0,0.375,0.0,61.0125
1397.0,0.375,0.0,61.3875
1398.0,0.375,0.0,61.7625
1399.0,0.375,0.0,62.1375
1400.0,0.375,0.0,62.5125
1401.0,0.375,0.0,62.8875
1402.0,0.375,0.0,63.2625
1403.0,0.375,0.0,63.6375
1404.0,0.375,0.0,64.0125
1405.0,0.375,0.0,64.3875
1406.0,0.375,0.0,64.7625
1407.0,0.375,0.0,65.1375
1408.0,0.375,0.0,65.5125
1409.0,0.375,0.0,65.8875
1410.0,0.375,0.0,66.2625
1411.0,0.375,0.0,66.6375
1412.0,0.375,0.0,67.0125
1413.0,0.375,0.0,67.3875
1414.0,0.375,0.0,67.7625
1415.0,0.375,0.0,68.1375
1416.0,0.375,0.0,68.5125
1417.0,0.375,0.0,68.8875
1418.0,0.375,0.0,69.2625
1419.0,0.375,0.0,69.6375
1420.0,0.375,0.0,70.0125
1421.0,0.375,0.0,70.3875
1422.0,0.375,0.0,70.7625
1423.0,0.375,0.0,71.1375
1424.0,0.375,0.0,71.5125
1425.0,0.375,0.0,71.8875
1426.0,0.375,0.0,72.2625
1427.0,0.375,0.0,72.6375
1428.0,0.375,0.0,73.0125
1429.0,0.375,0.0,73.3875
1430.0,0.375,0.0,73.7625
1431.0,0.375,0.0,74.1375
1432.0,0.375,0.0,74.5125
1433.0,0.375,0.0,74.8875
1434.0,0.375,0.0,75.2625
1435.0,0.375,0.0,75.6375
1436.0,0.375,0.0,76.0125
1437.0,0.375,0.0,76.3875
1438.0,0.375,0.0,76.7625
1439.0,0.375,0.0,77.1375
1440.0,0.375,0.0,77.5125
1441.0,0.375,0.0,77.8875
1442.0,0.375,0.0,78.2625
1443.0,0.375,0.0,78.6375
1444.0,0.375,0.0,79.0125
1445.0,0.375,0.0,79.3875
1446.0,0.375,0.0,79.7625
1447.0,0.375,0.0,80.1375
1448.0,0.375,0.0,80.5125
1449.0,0.375,0.0,80.8875
1450.0,0.375,0.0,81.2625
1451.0,0.375,0.0,81.6375
1452.0,0.375,0.0,82.0125
1453.0,0.375,0.0,82.3875
1454.0,0.375,0.0,82.7625
1455.0,0.375,0.0,83.1375
1456.0,0.375,0.0,83.5125
1457.0,0.375,0.0,83.8875
1458.0,0.375,0.0,84.2625
1459.0,0.375,0.0,84.6375
1460.0,0.375,0.0,85.0125
1461.0,0.375,0.0,85.3875
1462.0,0.375,0.0,85.7625
1463.0,0.375,0.0,86.1375
1464.0,0.375,0.0,86.5125
1465.0,0.375,0.0,86.8875
1466.0,0.375,0.0,87.2625
1467.0,0.375,0.0,87.6375
1468.0,0.375,0.0,88.0125
1469.0,0.375,0.0,88.3875
1470.0,0.375,0.0,88.7625
1471.0,0.375,0.0,89.1375
1472.0,0.375,0.0,89.5125
1473.0,0.375,0.0,89.8875
1474.0,0.375,0.0,90.2625
1475.0,0.375,0.0,90.6375
1476.0,0.375,0.0,91.0125
1477.0,0.375,0.0,91.3875
1478.0,0.375,0.0,91.7625
1479.0,0.375,0.0,92.1375
1480.0,0.375,0.0,92.5125
1481.0,0.375,0.0,92.8875
1482.0,0.375,0.0,93.2625
1483.0,0.375,0.0,93.6375
1484.0,0.375,0.0,94.0125
1485.0,0.375,0.0,94.3875
1486.0,0.375,0.0,94.7625
1487.0,0.375,0.0,95.1375
1488.0,0.375,0.0,95.5125
1489.0,0.375,0.0,95.8875
1490.0,0.375,0.0,96.2625
1491.0,0.375,0.0,96.6375
1492.0,0.375,0.0,97.0125
1493.0,0.375,0.0,97.3875
1494.0,0.375,0.0,97.7625
1495.0,0.375,0.0,98.1375
1496.0,0.375,0.0,98.5125
1497.0,0.375,0.0,98.8875
1498.0,0.375,0.0,99.2625
1499.0,0.375,0.0,99.6375
1500.0,0.375,0.0,100.0125
1501.0,0.375,0.0,100.3875
1502.0,0.375,0.0,100.7625
1503.0,0.375,0.0,101.1375
1504.0,0.375,0.0,101.5125
1505.0,0.375,0.0,101.8875
1506.0,0.375,0.0,102.2625
1507.0,0.375,0.0,102.6375
1508.0,0.375,0.0,103.0125
1509.0,0.375,0.0,103.3875
1510.0,0.375,0.0,103.7625
1511.0,0.375,0.0,104.1375
1512.0,0.375,0.0,104.5125
1513.0,0.375,0.0,104.8875
1514.0,0.375,0.0,105.2625
1515.0,0.375,0.0,105.6375
1516.0,0.375,0.0,106.0125
1517.0,0.375,0.0,106.3875
1518.0,0.375,0.0,106.7625
1519.0,0.375,0.0,107.1375
1520.0,0.375,0.0,107.5125
1521.0,0.375,0.0,107.8875
1522.0,0.375,0.0,108.2625
1523.0,0.375,0.0,108.6375
1524.0,0.375,0.0,109.0125
1525.0,0.375,0.0,109.3875
1526.0,0.375,0.0,109.7625
1527.0,0.375,0.0,110.1375
1528.0,0.375,0.0,110.5125
1529.0,0.375,0.0,110.8875
1530.0,0.375,0.0,111.2625
1531.0,0.375,0.0,111.6375
1532.0,0.375,0.0,112.0125
1533.0,0.375,0.0,112.3875
1534.0,0.375,0.0,112.7625
1535.0,0.375,0.0,113.1375
1536.0,0.375,0.0,113.5125
1537.0,0.375,0.0,113.8875
1538.0,0.375,0.0,114.2625
1539.0,0.375,0.0,114.6375
1540.0,0.375,0.0,115.0125
1541.0,0.375,0.0,115.3875
1542.0,0.375,0.0,115.7625
1543.0,0.375,0.0,116.1375
1544.0,0.375,0.0,116.5125
1545.0,0.375,0.0,116.8875
1546.0,0.375,0.0,117.2625
1547.0,0.375,0.0,117.6375
1548.0,0.375,0.0,118.0125
1549.0,0.375,0.0,118.3875
1550.0,0.375,0.0,118.7625
1551.0,0.375,0.0,119.1375
1552.0,0.375,0.0,119.5125
1553.0,0.375,0.0,119.8875
1554.0,0.375,0.0,120.2625
1555.0,0.375,0.0,120.6375
1556.0,0.375,0.0,121.0125
1557.0,0.375,0.0,121.3875
1558.0,0.375,0.0,121.7625
1559.0,0.375,0.0,122.1375
1560.0,0.375,0.0,122.5125
1561.0,0.375,0.0,122.8875
1562.0,0.375,0.0,123.2625
1563.0,0.375,0.0,123.6375
1564.0,0.375,0.0,124.0125
1565.0,0.375,0.0,124.3875
1566.0,0.375,0.0,124.7625
1567.0,0.375,0.0,125.1375
1568.0,0.375,0.0,125.5125
1569.0,0.375,0.0,125.8875
1570.0,0.375,0.0,126.2625
1571.0,0.375,0.0,126.6375
1572.0,0.375,0.0,127.0125
1573.0,0.375,0.0,127.3875
1574.0,0.375,0.0,127.7625
1575.0,0.375,0.0,128.1375
1576.0,0.375,0.0,128.5125
1577.0,0.375,0.0,128.8875
1578.0,0.375,0.0,129.2625
1579.0,0.375,0.0,129.6375
1580.0,0.375,0.0,130.0125
1581.0,0.375,0.0,130.3875
1582.0,0.375,0.0,130.7625
1583.0,0.375,0.0,131.1375
1584.0,0.375,0.0,131.5125
1585.0,0.375,0.0,131.8875
1586.0,0.375,0.0,132.2625
1587.0,0.375,0.0,132.6375
1588.0,0.375,0.0,133.0125
1589.0,0.375,0.0,133.3875
1590.0,0.375,0.0,133.7625
1591.0,0.375,0.0,134.1375
1592.0,0.375,0.0,134.5125
1593.0,0.375,0.0,134.8875
1594.0,0.375,0.0,135.2625
1595.0,0.375,0.0,135.6375
1596.0,0.375,0.0,136.0125
1597.0,0.375,0.0,136.3875
1598.0,0.375,0.0,136.7625
1599.0,0.375,0.0,137.1375
1600.0,0.375,0.0,137.5125
1601.0,0.375,0.0,137.8875
1602.0,0.375,0.0,138.2625
1603.0,0.375,0.0,138.6375
1604.0,0.375,0.0,139.0125
1605.0,0.375,0.0,139.3875
1606.0,0.375,0.0,139.7625
1607.0,0.375,0.0,140.1375
1608.0,0.375,0.0,140.5125
1609.0,0.375,0.0,140.8875
1610.0,0.375,0.0,141.2625
1611.0,0.375,0.0,141.6375
1612.0,0.375,0.0,142.0125
1613.0,0.375,0.0,142.3875
1614.0,0.375,0.0,142.7625
1615.0,0.375,0.0,143.1375
1616.0,0.375,0.0,143.5125
1617.0,0.375,0.0,143.8875
1618.0,0.375,0.0,144.2625
1619.0,0.375,0.0,144.6375
1620.0,0.375,0.0,145.0125
1621.0,0.375,0.0,145.3875
1622.0,0.375,0.0,145.7625
1623.0,0.375,0.0,146.1375
1624.0,0.375,0.0,146.5125
1625.0,0.375,0.0,146.8875
1626.0,0.375,0.0,147.2625
1627.0,0.375,0.0,147.6375
1628.0,0.375,0.0,148.0125
1629.0,0.375,0.0,148.3875
1630.0,0.375,0.0,148.7625
1631.0,0.375,0.0,149.1375
1632.0,0.375,0.0,149.5125
1633.0,0.375,0.0,149.8875
1634.0,0.375,0.0,150.2625
1635.0,0.375,0.0,150.6375
1636.0,0.375,0.0,151.0125
1637.0,0.375,0.0,151.3875
1638.0,0.375,0.0,151.7625
1639.0,0.375,0.0,152.1375
1640.0,0.375,0.0,152.5125
1641.0,0.375,0.0,152.8875
1642.0,0.375,0.0,153.2625
1643.0,0.375,0.0,153.6375
1644.0,0.375,0.0,154.0125
1645.0,0.375,0.0,154.3875
1646.0,0.375,0.0,154.7625
1647.0,0.375,0.0,155.1375
1648.0,0.375,0.0,155.5125
1649.0,0.375,0.0,155.8875
1650.0,0.375,0.0,156.2625
1651.0,0.375,0.0,156.6375
1652.0,0.375,0.0,157.0125
1653.0,0.375,0.0,157.3875
1654.0,0.375,0.0,157.7625
1655.0,0.375,0.0,158.1375
1656.0,0.375,0.0,158.5125
1657.0,0.375,0.0,158.8875
1658.0,0.375,0.0,159.2625
1659.0,0.375,0.0,159.6375
1660.0,0.375,0.0,160.0125
1661.0,0.375,0.0,160.3875
1662.0,0.375,0.0,160.7625
1663.0,0.375,0.0,161.1375
1664.0,0.375,0.0,161.5125
1665.0,0.375,0.0,161.8875
1666.0,0.375,0.0,162.2625
1667.0,0.375,0.0,162.6375
1668.0,0.375,0.0,163.0125
1669.0,0.375,0.0,163.3875
1670.0,0.375,0.0,163.7625
1671.0,0.375,0.0,164.1375
1672.0,0.375,0.0,164.5125
1673.0,0.375,0.0,164.8875
1674.0,0.375,0.0,165.2625
1675.0,0.375,0.0,165.6375
1676.0,0.375,0.0,166.0125
1677.0,0.375,0.0,166.3875
1678.0,0.375,0.0,166.7625
1679.0,0.375,0.0,167.1375
1680.0,0.375,0.0,167.5125
1681.0,0.375,0.0,167.8875
1682.0,0.375,0.0,168.2625
1683.0,0.375,0.0,168.6375
1684.0,0.375,0.0,169.0125
1685.0,0.375,0.0,169.3875
1686.0,0.375,0.0,169.7625
1687.0,0.375,0.0,170.1375
1688.0,0.375,0.0,170.5125
1689.0,0.375,0.0,170.8875
1690.0,0.375,0.0,171.2625
1691.0,0.375,0.0,171.6375
1692.0,0.375,0.0,172.0125
1693.0,0.375,0.0,172.3875
1694.0,0.375,0.0,172.7625
1695.0,0.375,0.0,173.1375
1696.0,0.375,0.0,173.5125
1697.0,0.375,0.0,173.8875
1698.0,0.375,0.0,174.2625
1699.0,0.375,0.0,174.6375
1700.0,0.375,0.0,175.0125
1701.0,0.375,0.0,175.3875
1702.0,0.375,0.0,175.7625
1703.0,0.375,0.0,176.1375
1704.0,0.375,0.0,176.5125
1705.0,0.375,0.0,176.8875
1706.0,0.375,0.0,177.2625
1707.0,0.375,0.0,177.6375
1708.0,0.375,0.0,178.0125
1709.0,0.375,0.0,178.3875
1710.0,0.375,0.0,178.7625
1711.0,0.375,0.0,179.1375
1712.0,0.375,0.0,179.5125
1713.0,0.375,0.0,179.8875
1714.0,0.375,0.0,180.2625
1715.0,0.375,0.0,180.6375
1716.0,0.375,0.0,181.0125
1717.0,0.375,0.0,181.3875
1718.0,0.375,0.0,181.7625
1719.0,0.375,0.0,182.1375
1720.0,0.375,0.0,182.5125
1721.0,0.375,0.0,182.8875
1722.0,0.375,0.0,183.2625
1723.0,0.375,0.0,183.6375
1724.0,0.375,0.0,184.0125
1725.0,0.375,0.0,184.3875
1726.0,0.375,0.0,184.7625
1727.0,0.375,0.0,185.1375
1728.0,0.375,0.0,185.5125
1729.0,0.375,0.0,185.8875
1730.0,0.375,0.0,186.2625
1731.0,0.375,0.0,186.6375
1732.0,0.375,0.0,187.0125
1733.0,0.375,0.0,187.3875
1734.0,0.375,0.0,187.7625
1735.0,0.375,0.0,188.1375
1736.0,0.375,0.0,188.5125
1737.0,0.375,0.0,188.8875
1738.0,0.375,0.0,189.2625
1739.0,0.375,0.0,189.6375
1740.0,0.375,0.0,190.0125
1741.0,0.375,0.0,190.3875
1742.0,0.375,0.0,190.7625
1743.0,0.375,0.0,191.1375
1744.0,0.375,0.0,191.5125
1745.0,0.375,0.0,191.8875
1746.0,0.375,0.0,192.2625
1747.0,0.375,0.0,192.6375
1748.0,0.375,0.0,193.0125
1749.0,0.375,0.0,193.3875
1750.0,0.375,0.0,193.7625
1751.0,0.375,0.0,194.1375
1752.0,0.375,0.0,194.5125
1753.0,0.375,0.0,194.8875
1754.0,0.375,0.0,195.2625
1755.0,0.375,0.0,195.6375
1756.0,0.375,0.0,196.0125
1757.0,0.375,0.0,196.3875
1758.0,0.375,0.0,196.7625
1759.0,0.375,0.0,197.1375
1760.0,0.375,0.0,197.5125
1761.0,0.375,0.0,197.8875
1762.0,0.375,0.0,198.2625
1763.0,0.375,0.0,198.6375
1764.0,0.375,0.0,199.0125
1765.0,0.375,0.0,199.3875
1766.0,0.375,0.0,199.7625
1767.0,0.375,2.777778,199.304167
1768.0,0.375,2.777778,196.901389
1769.0,0.375,2.777778,194.498611
1770.0,0.375,2.777778,192.095833
1771.0,0.375,2.777778,189.693056
1772.0,0.375,2.777778,187.290278
1773.0,0.375,2.777778,184.8875
1774.0,0.375,2.777778,182.484722
1775.0,0.375,2.777778,180.081944
1776.0,0.375,2.777778,177.679167
1777.0,0.375,2.777778,175.276389
1778.0,0.375,2.777778,172.873611
1779.0,0.375,2.777778,170.470833
1780.0,0.375,2.777778,168.068056
1781.0,0.375,2.777778,165.665278
1782.0,0.375,2.777778,163.2625
1783.0,0.375,2.777778,160.859722
1784.0,0.375,2.777778,158.456944
1785.0,0.375,2.777778,156.054167
1786.0,0.375,2.777778,153.651389
1787.0,0.375,2.777778,151.248611
1788.0,0.375,2.777778,148.845833
1789.0,0.375,2.777778,146.443056
1790.0,0.375,2.777778,144.040278
1791.0,0.375,2.777778,141.6375
1792.0,0.375,2.777778,139.234722
1793.0,0.375,2.777778,136.831944
1794.0,0.375,2.777778,134.429167
1795.0,0.375,2.777778,132.026389
1796.0,0.375,2.777778,129.623611
1797.0,0.375,2.777778,127.220833
1798.0,0.375,2.777778,124.818056
1799.0,0.375,2.777778,122.415278
1800.0,0.375,2.777778,120.0125
1801.0,0.375,2.777778,117.609722
1802.0,0.375,2.777778,115.206944
1803.0,0.375,2.777778,112.804167
1804.0,0.375,2.777778,110.401389
1805.0,0.375,2.777778,107.998611
1806.0,0.375,2.777778,105.595833
1807.0,0.375,2.777778,103.193056
1808.0,0.375,2.777778,100.790278
1809.0,0.375,2.777778,98.3875
1810.0,0.375,2.777778,95.984722
1811.0,0.375,2.777778,93.581944
1812.0,0.375,2.777778,91.179167
1813.0,0.375,2.777778,88.776389
1814.0,0.375,2.777778,86.373611
1815.0,0.375,2.777778,83.970833
1816.0,0.375,2.777778,81.568056
1817.0,0.375,2.777778,79.165278
1818.0,0.375,2.777778,76.7625
1819.0,0.375,2.777778,74.359722
1820.0,0.375,2.777778,71.956944
1821.0,0.375,2.777778,69.554167
1822.0,0.375,2.777778,67.151389
1823.0,0.375,2.777778,64.748611
1824.0,0.375,2.777778,62.345833
1825.0,0.375,2.777778,59.943056
1826.0,0.375,2.777778,57.540278
1827.0,0.375,2.777778,55.1375
1828.0,0.375,2.777778,52.734722
1829.0,0.375,2.777778,50.331944
1830.0,0.375,2.777778,47.929167
1831.0,0.375,2.777778,45.526389
1832.0,0.375,2.777778,43.123611
1833.0,0.375,2.777778,40.720833
1834.0,0.375,2.777778,38.318056
1835.0,0.375,2.777778,35.915278
1836.0,0.375,2.777778,33.5125
1837.0,0.375,2.777778,31.109722
1838.0,0.375,2.777778,28.706944
1839.0,0.375,2.777778,26.304167
1840.0,0.375,2.777778,23.901389
1841.0,0.375,2.777778,21.498611
1842.0,0.375,2.777778,19.095833
1843.0,0.375,2.777778,16.693056
1844.0,0.375,2.777778,14.290278
1845.0,0.375,2.777778,11.8875
1846.0,0.375,2.777778,9.484722
1847.0,0.375,2.777778,7.081944
1848.0,0.375,2.777778,4.679167
1849.0,0.375,2.777778,2.276389
1850.0,0.375,1.513889,0.0
1851.0,0.375,0.0,0.375
1852.0,0.375,0.0,0.75
1853.0,0.375,0.0,1.125
1854.0,0.375,0.0,1.5
1855.0,0.375,0.0,1.875
1856.0,0.375,0.0,2.25
1857.0,0.375,0.0,2.625
1858.0,0.375,0.0,3.0
1859.0,0.375,0.0,3.375
1860.0,0.375,0.0,3.75
1861.0,0.375,0.0,4.125
1862.0,0.375,0.0,4.5
1863.0,0.375,0.0,4.875
1864.0,0.375,0.0,5.25
1865.0,0.375,0.0,5.625
1866.0,0.375,0.0,6.0
1867.0,0.375,0.0,6.375
1868.0,0.375,0.0,6.75
1869.0,0.375,0.0,7.125
1870.0,0.375,0.0,7.5
1871.0,0.375,0.0,7.875
1872.0,0.375,0.0,8.25
1873.0,0.375,0.0,8.625
1874.0,0.375,0.0,9.0
1875.0,0.375,0.0,9.375
1876.0,0.375,0.0,9.75
1877.0,0.375,0.0,10.125
1878.0,0.375,0.0,10.5
1879.0,0.375,0.0,10.875
1880.0,0.375,0.0,11.25
1881.0,0.375,0.0,11.625
1882.0,0.375,0.0,12.0
1883.0,0.375,0.0,12.375
1884.0,0.375,0.0,12.75
1885.0,0.375,0.0,13.125
1886.0,0.375,0.0,13.5
1887.0,0.375,0.0,13.875
1888.0,0.375,0.0,14.25
1889.0,0.375,0.0,14.625
1890.0,0.375,0.0,15.0
1891.0,0.375,0.0,15.375
1892.0,0.375,0.0,15.75
1893.0,0.375,0.0,16.125
1894.0,0.375,0.0,16.5
1895.0,0.375,0.0,16.875
1896.0,0.375,0.0,17.25
1897.0,0.375,0.0,17.625
1898.0,0.375,0.0,18.0
1899.0,0.375,0.0,18.375
1900.0,0.375,0.0,18.75
1901.0,0.375,0.0,19.125
1902.0,0.375,0.0,19.5
1903.0,0.375,0.0,19.875
1904.0,0.375,0.0,20.25
1905.0,0.375,0.0,20.625
1906.0,0.375,0.0,21.0
1907.0,0.375,0.0,21.375
1908.0,0.375,0.0,21.75
1909.0,0.375,0.0,22.125
1910.0,0.375,0.0,22.5
1911.0,0.375,0.0,22.875
1912.0,0.375,0.0,23.25
1913.0,0.375,0.0,23.625
1914.0,0.375,0.0,24.0
1915.0,0.375,0.0,24.375
1916.0,0.375,0.0,24.75
1917.0,0.375,0.0,25.125
1918.0,0.375,0.0,25.5
1919.0,0.375,0.0,25.875
1920.0,0.375,0.0,26.25
1921.0,0.375,0.0,26.625
1922.0,0.375,0.0,27.0
1923.0,0.375,0.0,27.375
1924.0,0.375,0.0,27.75
1925.0,0.375,0.0,28.125
1926.0,0.375,0.0,28.5
1927.0,0.375,0.0,28.875
1928.0,0.375,0.0,29.25
1929.0,0.375,0.0,29.625
1930.0,0.375,0.0,30.0
1931.0,0.375,0.0,30.375
1932.0,0.375,0.0,30.75
1933.0,0.375,0.0,31.125
1934.0,0.375,0.0,31.5
1935.0,0.375,0.0,31.875
1936.0,0.375,0.0,32.25
1937.0,0.375,0.0,32.625
1938.0,0.375,0.0,33.0
1939.0,0.375,0.0,33.375
1940.0,0.375,0.0,33.75
1941.0,0.375,0.0,34.125
1942.0,0.375,0.0,34.5
1943.0,0.375,0.0,34.875
1944.0,0.375,0.0,35.25
1945.0,0.375,0.0,35.625
1946.0,0.375,0.0,36.0
1947.0,0.375,0.0,36.375
1948.0,0.375,0.0,36.75
1949.0,0.375,0.0,37.125
1950.0,0.375,0.0,37.5
1951.0,0.375,0.0,37.875
1952.0,0.375,0.0,38.25
1953.0,0.375,0.0,38.625
1954.0,0.375,0.0,39.0
1955.0,0.375,0.0,39.375
1956.0,0.375,0.0,39.75
1957.0,0.375,0.0,40.125
1958.0,0.375,0.0,40.5
1959.0,0.375,0.0,40.875
1960.0,0.375,0.0,41.25
1961.0,0.375,0.0,41.625
1962.0,0.375,0.0,42.0
1963.0,0.375,0.0,42.375
1964.0,0.375,0.0,42.75
1965.0,0.375,0.0,43.125
1966.0,0.375,0.0,43.5
1967.0,0.375,0.0,43.875
1968.0,0.375,0.0,44.25
1969.0,0.375,0.0,44.625
1970.0,0.375,0.0,45.0
1971.0,0.375,0.0,45.375
1972.0,0.375,0.0,45.75
1973.0,0.375,0.0,46.125
1974.0,0.375,0.0,46.5
1975.0,0.375,0.0,46.875
1976.0,0.375,0.0,47.25
1977.0,0.375,0.0,47.625
1978.0,0.375,0.0,48.0
1979.0,0.375,0.0,48.375
1980.0,0.375,0.0,48.75
1981.0,0.375,0.0,49.125
1982.0,0.375,0.0,49.5
1983.0,0.375,0.0,49.875
1984.0,0.375,0.0,50.25
1985.0,0.375,0.0,50.625
1986.0,0.375,0.0,51.0
1987.0,0.375,0.0,51.375
1988.0,0.375,0.0,51.75
1989.0,0.375,0.0,52.125
1990.0,0.375,0.0,52.5
1991.0,0.375,0.0,52.875
1992.0,0.375,0.0,53.25
1993.0,0.375,0.0,53.625
1994.0,0.375,0.0,54.0
1995.0,0.375,0.0,54.375
1996.0,0.375,0.0,54.75
1997.0,0.375,0.0,55.125
1998.0,0.375,0.0,55.5
1999.0,0.375,0.0,55.875
2000.0,0.375,0.0,56.25
2001.0,0.375,0.0,56.625
2002.0,0.375,0.0,57.0
2003.0,0.375,0.0,57.375
2004.0,0.375,0.0,57.75
2005.0,0.375,0.0,58.125
2006.0,0.375,0.0,58.5
2007.0,0.375,0.0,58.875
2008.0,0.375,0.0,59.25
2009.0,0.375,0.0,59.625
2010.0,0.375,0.0,60.0
2011.0,0.375,0.0,60.375
2012.0,0.375,0.0,60.75
2013.0,0.375,0.0,61.125
2014.0,0.375,0.0,61.5
2015.0,0.375,0.0,61.875
2016.0,0.375,0.0,62.25
2017.0,0.375,0.0,62.625
2018.0,0.375,0.0,63.0
2019.0,0.375,0.0,63.375
2020.0,0.375,0.0,63.75
2021.0,0.375,0.0,64.125
2022.0,0.375,0.0,64.5
2023.0,0.375,0.0,64.875
2024.0,0.375,0.0,65.25
2025.0,0.375,0.0,65.625
2026.0,0.375,0.0,66.0
2027.0,0.375,0.0,66.375
2028.0,0.375,0.0,66.75
2029.0,0.375,0.0,67.125
2030.0,0.375,0.0,67.5
2031.0,0.375,0.0,67.875
2032.0,0.375,0.0,68.25
2033.0,0.375,0.0,68.625
2034.0,0.375,0.0,69.0
2035.0,0.375,0.0,69.375
2036.0,0.375,0.0,69.75
2037.0,0.375,0.0,70.125
2038.0,0.375,0.0,70.5
2039.0,0.375,0.0,70.875
2040.0,0.375,0.0,71.25
2041.0,0.375,0.0,71.625
2042.0,0.375,0.0,72.0
2043.0,0.375,0.0,72.375
2044.0,0.375,0.0,72.75
2045.0,0.375,0.0,73.125
2046.0,0.375,0.0,73.5
2047.0,0.375,0.0,73.875
2048.0,0.375,0.0,74.25
2049.0,0.375,0.0,74.625
2050.0,0.375,0.0,75.0
2051.0,0.375,0.0,75.375
2052.0,0.375,0.0,75.75
2053.0,0.375,0.0,76.125
2054.0,0.375,0.0,76.5
2055.0,0.375,0.0,76.875
2056.0,0.375,0.0,77.25
2057.0,0.375,0.0,77.625
2058.0,0.375,0.0,78.0
2059.0,0.375,0.0,78.375
2060.0,0.375,0.0,78.75
2061.0,0.375,0.0,79.125
2062.0,0.375,0.0,79.5
2063.0,0.375,0.0,79.875
2064.0,0.375,0.0,80.25
2065.0,0.375,0.0,80.625
2066.0,0.375,0.0,81.0
2067.0,0.375,0.0,81.375
2068.0,0.375,0.0,81.75
2069.0,0.375,0.0,82.125
2070.0,0.375,0.0,82.5
2071.0,0.375,0.0,82.875
2072.0,0.375,0.0,83.25
2073.0,0.375,0.0,83.625
2074.0,0.375,0.0,84.0
2075.0,0.375,0.0,84.375
2076.0,0.375,0.0,84.75
2077.0,0.375,0.0,85.125
2078.0,0.375,0.0,85.5
2079.0,0.375,0.0,85.875
2080.0,0.375,0.0,86.25
2081.0,0.375,0.0,86.625
2082.0,0.375,0.0,87.0
2083.0,0.375,0.0,87.375
2084.0,0.375,0.0,87.75
2085.0,0.375,0.0,88.125
2086.0,0.375,0.0,88.5
2087.0,0.375,0.0,88.875
2088.0,0.375,0.0,89.25
2089.0,0.375,0.0,89.625
2090.0,0.375,0.0,90.0
2091.0,0.375,0.0,90.375
2092.0,0.375,0.0,90.75
2093.0,0.375,0.0,91.125
2094.0,0.375,0.0,91.5
2095.0,0.375,0.0,91.875
2096.0,0.375,0.0,92.25
2097.0,0.375,0.0,92.625
2098.0,0.375,0.0,93.0
2099.0,0.375,0.0,93.375
2100.0,0.375,0.0,93.75
2101.0,0.375,0.0,94.125
2102.0,0.375,0.0,94.5
2103.0,0.375,0.0,94.875
2104.0,0.375,0.0,95.25
2105.0,0.375,0.0,95.625
2106.0,0.375,0.0,96.0
2107.0,0.375,0.0,96.375
2108.0,0.375,0.0,96.75
2109.0,0.375,0.0,97.125
2110.0,0.375,0.0,97.5
2111.0,0.375,0.0,97.875
2112.0,0.375,0.0,98.25
2113.0,0.375,0.0,98.625
2114.0,0.375,0.0,99.0
2115.0,0.375,0.0,99.375
2116.0,0.375,0.0,99.75
2117.0,0.375,0.0,100.125
2118.0,0.375,0.0,100.5
2119.0,0.375,0.0,100.875
2120.0,0.375,0.0,101.25
2121.0,0.375,0.0,101.625
2122.0,0.375,0.0,102.0
2123.0,0.375,0.0,102.375
2124.0,0.375,0.0,102.75
2125.0,0.375,0.0,103.125
2126.0,0.375,0.0,103.5
2127.0,0.375,0.0,103.875
2128.0,0.375,0.0,104.25
2129.0,0.375,0.0,104.625
2130.0,0.375,0.0,105.0
2131.0,0.375,0.0,105.375
2132.0,0.375,0.0,105.75
2133.0,0.375,0.0,106.125
2134.0,0.375,0.0,106.5
2135.0,0.375,0.0,106.875
2136.0,0.375,0.0,107.25
2137.0,0.375,0.0,107.625
2138.0,0.375,0.0,108.0
2139.0,0.375,0.0,108.375
2140.0,0.375,0.0,108.75
2141.0,0.375,0.0,109.125
2142.0,0.375,0.0,109.5
2143.0,0.375,0.0,109.875
2144.0,0.375,0.0,110.25
2145.0,0.375,0.0,110.625
2146.0,0.375,0.0,111.0
2147.0,0.375,0.0,111.375
2148.0,0.375,0.0,111.75
2149.0,0.375,0.0,112.125
2150.0,0.375,0.0,112.5
2151.0,0.375,0.0,112.875
2152.0,0.375,0.0,113.25
2153.0,0.375,0.0,113.625
2154.0,0.375,0.0,114.0
2155.0,0.375,0.0,114.375
2156.0,0.375,0.0,114.75
2157.0,0.375,0.0,115.125
2158.0,0.375,0.0,115.5
2159.0,0.375,0.0,115.875
2160.0,0.375,0.0,116.25
2161.0,0.375,0.0,116.625
2162.0,0.375,0.0,117.0
2163.0,0.375,0.0,117.375
2164.0,0.375,0.0,117.75
2165.0,0.375,0.0,118.125
2166.0,0.375,0.0,118.5
2167.0,0.375,0.0,118.875
2168.0,0.375,0.0,119.25
2169.0,0.375,0.0,119.625
2170.0,0.375,0.0,120.0
2171.0,0.375,0.0,120.375
2172.0,0.375,0.0,120.75
2173.0,0.375,0.0,121.125
2174.0,0.375,0.0,121.5
2175.0,0.375,0.0,121.875
2176.0,0.375,0.0,122.25
2177.0,0.375,0.0,122.625
2178.0,0.375,0.0,123.0
2179.0,0.375,0.0,123.375
2180.0,0.375,0.0,123.75
2181.0,0.375,0.0,124.125
2182.0,0.375,0.0,124.5
2183.0,0.375,0.0,124.875
2184.0,0.375,0.0,125.25
2185.0,0.375,0.0,125.625
2186.0,0.375,0.0,126.0
2187.0,0.375,0.0,126.375
2188.0,0.375,0.0,126.75
2189.0,0.375,0.0,127.125
2190.0,0.375,0.0,127.5
2191.0,0.375,0.0,127.875
2192.0,0.375,0.0,128.25
2193.0,0.375,0.0,128.625
2194.0,0.375,0.0,129.0
2195.0,0.375,0.0,129.375
2196.0,0.375,0.0,129.75
2197.0,0.375,0.0,130.125
2198.0,0.375,0.0,130.5
2199.0,0.375,0.0,130.875
2200.0,0.375,0.0,131.25
2201.0,0.375,0.0,131.625
2202.0,0.375,0.0,132.0
2203.0,0.375,0.0,132.375
2204.0,0.375,0.0,132.75
2205.0,0.375,0.0,133.125
2206.0,0.375,0.0,133.5
2207.0,0.375,0.0,133.875
2208.0,0.375,0.0,134.25
2209.0,0.375,0.0,134.625
2210.0,0.375,0.0,135.0
2211.0,0.375,0.0,135.375
2212.0,0.375,0.0,135.75
2213.0,0.375,0.0,136.125
2214.0,0.375,0.0,136.5
2215.0,0.375,0.0,136.875
2216.0,0.375,0.0,137.25
2217.0,0.375,0.0,137.625
2218.0,0.375,0.0,138.0
2219.0,0.375,0.0,138.375
2220.0,0.375,0.0,138.75
2221.0,0.375,0.0,139.125
2222.0,0.375,0.0,139.5
2223.0,0.375,0.0,139.875
2224.0,0.375,0.0,140.25
2225.0,0.375,0.0,140.625
2226.0,0.375,0.0,141.0
2227.0,0.375,0.0,141.375
2228.0,0.375,0.0,141.75
2229.0,0.375,0.0,142.125
2230.0,0.375,0.0,142.5
2231.0,0.375,0.0,142.875
2232.0,0.375,0.0,143.25
2233.0,0.375,0.0,143.625
2234.0,0.375,0.0,144.0
2235.0,0.375,0.0,144.375
2236.0,0.375,0.0,144.75
2237.0,0.375,0.0,145.125
2238.0,0.375,0.0,145.5
2239.0,0.375,0.0,145.875
2240.0,0.375,0.0,146.25
2241.0,0.375,0.0,146.625
2242.0,0.375,0.0,147.0
2243.0,0.375,0.0,147.375
2244.0,0.375,0.0,147.75
2245.0,0.375,0.0,148.125
2246.0,0.375,0.0,148.5
2247.0,0.375,0.0,148.875
2248.0,0.375,0.0,149.25
2249.0,0.375,0.0,149.625
2250.0,0.375,0.0,150.0
2251.0,0.375,0.0,150.375
2252.0,0.375,0.0,150.75
2253.0,0.375,0.0,151.125
2254.0,0.375,0.0,151.5
2255.0,0.375,0.0,151.875
2256.0,0.375,0.0,152.25
2257.0,0.375,0.0,152.625
2258.0,0.375,0.0,153.0
2259.0,0.375,0.0,153.375
2260.0,0.375,0.0,153.75
2261.0,0.375,0.0,154.125
2262.0,0.375,0.0,154.5
2263.0,0.375,0.0,154.875
2264.0,0.375,0.0,155.25
2265.0,0.375,0.0,155.625
2266.0,0.375,0.0,156.0
2267.0,0.375,0.0,156.375
2268.0,0.375,0.0,156.75
2269.0,0.375,0.0,157.125
2270.0,0.375,0.0,157.5
2271.0,0.375,0.0,157.875
2272.0,0.375,0.0,158.25
2273.0,0.375,0.0,158.625
2274.0,0.375,0.0,159.0
2275.0,0.375,0.0,159.375
2276.0,0.375,0.0,159.75
2277.0,0.375,0.0,160.125
2278.0,0.375,0.0,160.5
2279.0,0.375,0.0,160.875
2280.0,0.375,0.0,161.25
2281.0,0.375,0.0,161.625
2282.0,0.375,0.0,162.0
2283.0,0.375,0.0,162.375
2284.0,0.375,0.0,162.75
2285.0,0.375,0.0,163.125
2286.0,0.375,0.0,163.5
2287.0,0.375,0.0,163.875
2288.0,0.375,0.0,164.25
2289.0,0.375,0.0,164.625
2290.0,0.375,0.0,165.0
2291.0,0.375,0.0,165.375
2292.0,0.375,0.0,165.75
2293.0,0.375,0.0,166.125
2294.0,0.375,0.0,166.5
2295.0,0.375,0.0,166.875
2296.0,0.375,0.0,167.25
2297.0,0.375,0.0,167.625
2298.0,0.375,0.0,168.0
2299.0,0.375,0.0,168.375
2300.0,0.375,0.0,168.75
2301.0,0.375,0.0,169.125
2302.0,0.375,0.0,169.5
2303.0,0.375,0.0,169.875
2304.0,0.375,0.0,170.25
2305.0,0.375,0.0,170.625
2306.0,0.375,0.0,171.0
2307.0,0.375,0.0,171.375
2308.0,0.375,0.0,171.75
2309.0,0.375,0.0,172.125
2310.0,0.375,0.0,172.5
2311.0,0.375,0.0,172.875
2312.0,0.375,0.0,173.25
2313.0,0.375,0.0,173.625
2314.0,0.375,0.0,174.0
2315.0,0.375,0.0,174.375
2316.0,0.375,0.0,174.75
2317.0,0.375,0.0,175.125
2318.0,0.375,0.0,175.5
2319.0,0.375,0.0,175.875
2320.0,0.375,0.0,176.25
2321.0,0.375,0.0,176.625
2322.0,0.375,0.0,177.0
2323.0,0.375,0.0,177.375
2324.0,0.375,0.0,177.75
2325.0,0.375,0.0,178.125
2326.0,0.375,0.0,178.5
2327.0,0.375,0.0,178.875
2328.0,0.375,0.0,179.25
2329.0,0.375,0.0,179.625
2330.0,0.375,0.0,180.0
2331.0,0.375,0.0,180.375
2332.0,0.375,0.0,180.75
2333.0,0.375,0.0,181.125
2334.0,0.375,0.0,181.5
2335.0,0.375,0.0,181.875
2336.0,0.375,0.0,182.25
2337.0,0.375,0.0,182.625
2338.0,0.375,0.0,183.0
2339.0,0.375,0.0,183.375
2340.0,0.375,0.0,183.75
2341.0,0.375,0.0,184.125
2342.0,0.375,0.0,184.5
2343.0,0.375,0.0,184.875
2344.0,0.375,0.0,185.25
2345.0,0.375,0.0,185.625
2346.0,0.375,0.0,186.0
2347.0,0.375,0.0,186.375
2348.0,0.375,0.0,186.75
2349.0,0.375,0.0,187.125
2350.0,0.375,0.0,187.5
2351.0,0.375,0.0,187.875
2352.0,0.375,0.0,188.25
2353.0,0.375,0.0,188.625
2354.0,0.375,0.0,189.0
2355.0,0.375,0.0,189.375
2356.0,0.375,0.0,189.75
2357.0,0.375,0.0,190.125
2358.0,0.375,0.0,190.5
2359.0,0.375,0.0,190.875
2360.0,0.375,0.0,191.25
2361.0,0.375,0.0,191.625
2362.0,0.375,0.0,192.0
2363.0,0.375,0.0,192.375
2364.0,0.375,0.0,192.75
2365.0,0.375,0.0,193.125
2366.0,0.375,0.0,193.5
2367.0,0.375,0.0,193.875
2368.0,0.375,0.0,194.25
2369.0,0.375,0.0,194.625
2370.0,0.375,0.0,195.0
2371.0,0.375,0.0,195.375
2372.0,0.375,0.0,195.75
2373.0,0.375,0.0,196.125
2374.0,0.375,0.0,196.5
2375.0,0.375,0.0,196.875
2376.0,0.375,0.0,197.25
2377.0,0.375,0.0,197.625
2378.0,0.375,0.0,198.0
2379.0,0.375,0.0,198.375
2380.0,0.375,0.0,198.75
2381.0,0.375,0.0,199.125
2382.0,0.375,0.0,199.5
2383.0,0.375,0.0,199.875
2384.0,0.375,2.777778,198.583333
2385.0,0.375,2.777778,196.180556
2386.0,0.375,2.777778,193.777778
2387.0,0.375,2.777778,191.375
2388.0,0.375,2.777778,188.972222
2389.0,0.375,2.777778,186.569444
2390.0,0.375,2.777778,184.166667
2391.0,0.375,2.777778,181.763889
2392.0,0.375,2.777778,179.361111
2393.0,0.375,2.777778,176.958333
2394.0,0.375,2.777778,174.555556
2395.0,0.375,2.777778,172.152778
2396.0,0.375,2.777778,169.75
2397.0,0.375,2.777778,167.347222
2398.0,0.375,2.777778,164.944444
2399.0,0.375,2.777778,162.541667
2400.0,0.0,2.777778,160.101389
2401.0,0.0,2.777778,157.323611
2402.0,0.0,2.777778,154.545833
2403.0,0.0,2.777778,151.768056
2404.0,0.0,2.777778,148.990278
2405.0,0.0,2.777778,146.2125
2406.0,0.0,2.777778,143.434722
2407.0,0.0,2.777778,140.656944
2408.0,0.0,2.777778,137.879167
2409.0,0.0,2.777778,135.101389
2410.0,0.0,2.777778,132.323611
2411.0,0.0,2.777778,129.545833
2412.0,0.0,2.777778,126.768056
2413.0,0.0,2.777778,123.990278
2414.0,0.0,2.777778,121.2125
2415.0,0.0,2.777778,118.434722
2416.0,0.0,2.777778,115.656944
2417.0,0.0,2.777778,112.879167
2418.0,0.0,2.777778,110.101389
2419.0,0.0,2.777778,107.323611
2420.0,0.0,2.777778,104.545833
2421.0,0.0,2.777778,101.768056
2422.0,0.0,2.777778,98.990278
2423.0,0.0,2.777778,96.2125
2424.0,0.0,2.777778,93.434722
2425.0,0.0,2.777778,90.656944
2426.0,0.0,2.777778,87.879167
2427.0,0.0,2.777778,85.101389
2428.0,0.0,2.777778,82.323611
2429.0,0.0,2.777778,79.545833
2430.0,0.0,2.777778,76.768056
2431.0,0.0,2.777778,73.990278
2432.0,0.0,2.777778,71.2125
2433.0,0.0,2.777778,68.434722
2434.0,0.0,2.777778,65.656944
2435.0,0.0,2.777778,62.879167
2436.0,0.0,2.777778,60.101389
2437.0,0.0,2.777778,57.323611
2438.0,0.0,2.777778,54.545833
2439.0,0.0,2.777778,51.768056
2440.0,0.0,2.777778,48.990278
2441.0,0.0,2.777778,46.2125
2442.0,0.0,2.777778,43.434722
2443.0,0.0,2.777778,40.656944
2444.0,0.0,2.777778,37.879167
2445.0,0.0,2.777778,35.101389
2446.0,0.0,2.777778,32.323611
2447.0,0.0,2.777778,29.545833
2448.0,0.0,2.777778,26.768056
2449.0,0.0,2.777778,23.990278
2450.0,0.0,2.777778,21.2125
2451.0,0.0,2.777778,18.434722
2452.0,0.0,2.777778,15.656944
2453.0,0.0,2.777778,12.879167
2454.0,0.0,2.777778,10.101389
2455.0,0.0,2.777778,7.323611
2456.0,0.0,2.777778,4.545833
2457.0,0.0,2.777778,1.768056
2458.0,0.0,0.0,0.0
2459.0,0.0,0.0,0.0
2460.0,0.0,0.0,0.0
2461.0,0.0,0.0,0.0
2462.0,0.0,0.0,0.0
2463.0,0.0,0.0,0.0
2464.0,0.0,0.0,0.0
2465.0,0.0,0.0,0.0
2466.0,0.0,0.0,0.0
2467.0,0.0,0.0,0.0
2468.0,0.0,0.0,0.0
2469.0,0.0,0.0,0.0
2470.0,0.0,0.0,0.0
2471.0,0.0,0.0,0.0
2472.0,0.0,0.0,0.0
2473.0,0.0,0.0,0.0
2474.0,0.0,0.0,0.0
2475.0,0.0,0.0,0.0
2476.0,0.0,0.0,0.0
2477.0,0.0,0.0,0.0
2478.0,0.0,0.0,0.0
2479.0,0.0,0.0,0.0
2480.0,0.0,0.0,0.0
2481.0,0.0,0.0,0.0
2482.0,0.0,0.0,0.0
2483.0,0.0,0.0,0.0
2484.0,0.0,0.0,0.0
2485.0,0.0,0.0,0.0
2486.0,0.0,0.0,0.0
2487.0,0.0,0.0,0.0
2488.0,0.0,0.0,0.0
2489.0,0.0,0.0,0.0
2490.0,0.0,0.0,0.0
2491.0,0.0,0.0,0.0
2492.0,0.0,0.0,0.0
2493.0,0.0,0.0,0.0
2494.0,0.0,0.0,0.0
2495.0,0.0,0.0,0.0
2496.0,0.0,0.0,0.0
2497.0,0.0,0.0,0.0
2498.0,0.0,0.0,0.0
2499.0,0.0,0.0,0.0
2500.0,0.0,0.0,0.0
2501.0,0.0,0.0,0.0
2502.0,0.0,0.0,0.0
2503.0,0.0,0.0,0.0
2504.0,0.0,0.0,0.0
2505.0,0.0,0.0,0.0
2506.0,0.0,0.0,0.0
2507.0,0.0,0.0,0.0
2508.0,0.0,0.0,0.0
2509.0,0.0,0.0,0.0
2510.0,0.0,0.0,0.0
2511.0,0.0,0.0,0.0
2512.0,0.0,0.0,0.0
2513.0,0.0,0.0,0.0
2514.0,0.0,0.0,0.0
2515.0,0.0,0.0,0.0
2516.0,0.0,0.0,0.0
2517.0,0.0,0.0,0.0
2518.0,0.0,0.0,0.0
2519.0,0.0,0.0,0.0
2520.0,0.0,0.0,0.0
2521.0,0.0,0.0,0.0
2522.0,0.0,0.0,0.0
2523.0,0.0,0.0,0.0
2524.0,0.0,0.0,0.0
2525.0,0.0,0.0,0.0
2526.0,0.0,0.0,0.0
2527.0,0.0,0.0,0.0
2528.0,0.0,0.0,0.0
2529.0,0.0,0.0,0.0
2530.0,0.0,0.0,0.0
2531.0,0.0,0.0,0.0
2532.0,0.0,0.0,0.0
2533.0,0.0,0.0,0.0
2534.0,0.0,0.0,0.0
2535.0,0.0,0.0,0.0
2536.0,0.0,0.0,0.0
2537.0,0.0,0.0,0.0
2538.0,0.0,0.0,0.0
2539.0,0.0,0.0,0.0
2540.0,0.0,0.0,0.0
2541.0,0.0,0.0,0.0
2542.0,0.0,0.0,0.0
2543.0,0.0,0.0,0.0
2544.0,0.0,0.0,0.0
2545.0,0.0,0.0,0.0
2546.0,0.0,0.0,0.0
2547.0,0.0,0.0,0.0
2548.0,0.0,0.0,0.0
2549.0,0.0,0.0,0.0
2550.0,0.0,0.0,0.0
2551.0,0.0,0.0,0.0
2552.0,0.0,0.0,0.0
2553.0,0.0,0.0,0.0
2554.0,0.0,0.0,0.0
2555.0,0.0,0.0,0.0
2556.0,0.0,0.0,0.0
2557.0,0.0,0.0,0.0
2558.0,0.0,0.0,0.0
2559.0,0.0,0.0,0.0
2560.0,0.0,0.0,0.0
2561.0,0.0,0.0,0.0
2562.0,0.0,0.0,0.0
2563.0,0.0,0.0,0.0
2564.0,0.0,0.0,0.0
2565.0,0.0,0.0,0.0
2566.0,0.0,0.0,0.0
2567.0,0.0,0.0,0.0
2568.0,0.0,0.0,0.0
2569.0,0.0,0.0,0.0
2570.0,0.0,0.0,0.0
2571.0,0.0,0.0,0.0
2572.0,0.0,0.0,0.0
2573.0,0.0,0.0,0.0
2574.0,0.0,0.0,0.0
2575.0,0.0,0.0,0.0
2576.0,0.0,0.0,0.0
2577.0,0.0,0.0,0.0
2578.0,0.0,0.0,0.0
2579.0,0.0,0.0,0.0
2580.0,0.0,0.0,0.0
2581.0,0.0,0.0,0.0
2582.0,0.0,0.0,0.0
2583.0,0.0,0.0,0.0
2584.0,0.0,0.0,0.0
2585.0,0.0,0.0,0.0
2586.0,0.0,0.0,0.0
2587.0,0.0,0.0,0.0
2588.0,0.0,0.0,0.0
2589.0,0.0,0.0,0.0
2590.0,0.0,0.0,0.0
2591.0,0.0,0.0,0.0
2592.0,0.0,0.0,0.0
2593.0,0.0,0.0,0.0
2594.0,0.0,0.0,0.0
2595.0,0.0,0.0,0.0
2596.0,0.0,0.0,0.0
2597.0,0.0,0.0,0.0
2598.0,0.0,0.0,0.0
2599.0,0.0,0.0,0.0
2600.0,0.0,0.0,0.0
2601.0,0.0,0.0,0.0
2602.0,0.0,0.0,0.0
2603.0,0.0,0.0,0.0
2604.0,0.0,0.0,0.0
2605.0,0.0,0.0,0.0
2606.0,0.0,0.0,0.0
2607.0,0.0,0.0,0.0
2608.0,0.0,0.0,0.0
2609.0,0.0,0.0,0.0
2610.0,0.0,0.0,0.0
2611.0,0.0,0.0,0.0
2612.0,0.0,0.0,0.0
2613.0,0.0,0.0,0.0
2614.0,0.0,0.0,0.0
2615.0,0.0,0.0,0.0
2616.0,0.0,0.0,0.0
2617.0,0.0,0.0,0.0
2618.0,0.0,0.0,0.0
2619.0,0.0,0.0,0.0
2620.0,0.0,0.0,0.0
2621.0,0.0,0.0,0.0
2622.0,0.0,0.0,0.0
2623.0,0.0,0.0,0.0
2624.0,0.0,0.0,0.0
2625.0,0.0,0.0,0.0
2626.0,0.0,0.0,0.0
2627.0,0.0,0.0,0.0
2628.0,0.0,0.0,0.0
2629.0,0.0,0.0,0.0
2630.0,0.0,0.0,0.0
2631.0,0.0,0.0,0.0
2632.0,0.0,0.0,0.0
2633.0,0.0,0.0,0.0
2634.0,0.0,0.0,0.0
2635.0,0.0,0.0,0.0
2636.0,0.0,0.0,0.0
2637.0,0.0,0.0,0.0
2638.0,0.0,0.0,0.0
2639.0,0.0,0.0,0.0
2640.0,0.0,0.0,0.0
