height_from_CAD_origin_m,cumulative_cavity_volume_below_L
0.0045,0.0
0.005752,0.0102
0.007003,0.0204
0.008255,0.0305
0.009507,0.0407
0.010758,0.0509
0.01201,0.0611
0.013262,0.0713
0.014513,0.0814
0.015765,0.0916
0.017017,0.1018
0.018268,0.112
0.01952,0.1221
0.020772,0.1323
0.022023,0.1425
0.023275,0.1527
0.024527,0.1629
0.025778,0.173
0.02703,0.1832
0.028282,0.1934
0.029533,0.2036
0.030785,0.2138
0.032037,0.2239
0.033288,0.2341
0.03454,0.2443
0.035792,0.2545
0.037043,0.2651
0.038295,0.2764
0.039547,0.2881
0.040798,0.3002
0.04205,0.3126
0.043302,0.3254
0.044553,0.3387
0.045805,0.3523
0.047057,0.3663
0.048308,0.3808
0.04956,0.3957
0.050812,0.411
0.052063,0.4268
0.053315,0.4429
0.054567,0.4596
0.055818,0.4767
0.05707,0.4942
0.058322,0.5122
0.059573,0.5307
0.060825,0.5497
0.062077,0.5691
0.063328,0.5891
0.06458,0.6095
0.065832,0.6304
0.067083,0.6519
0.068335,0.6738
0.069587,0.6963
0.070838,0.7193
0.07209,0.7428
0.073342,0.7669
0.074593,0.7915
0.075845,0.8167
0.077097,0.8424
0.078348,0.8687
0.0796,0.8955
0.080852,0.923
0.082103,0.951
0.083355,0.9796
0.084607,1.0088
0.085858,1.0385
0.08711,1.0689
0.088362,1.0999
0.089613,1.1316
0.090865,1.1638
0.092117,1.1967
0.093368,1.2302
0.09462,1.2643
0.095872,1.2991
0.097123,1.3346
0.098375,1.3707
0.099627,1.4075
0.100878,1.4449
0.10213,1.4831
0.103382,1.5219
0.104633,1.5614
0.105885,1.6016
0.107137,1.6425
0.108388,1.6841
0.10964,1.7264
0.110892,1.7695
0.112143,1.8132
0.113395,1.8578
0.114647,1.903
0.115898,1.949
0.11715,1.9957
0.118402,2.0432
0.119653,2.0915
0.120905,2.1405
0.122157,2.1903
0.123408,2.2409
0.12466,2.2923
0.125912,2.3445
0.127163,2.3974
0.128415,2.4512
0.129667,2.5058
0.130918,2.5612
0.13217,2.6174
0.133422,2.6745
0.134673,2.7324
0.135925,2.7911
0.137177,2.8507
0.138428,2.9112
0.13968,2.9725
0.140932,3.0346
0.142183,3.0977
0.143435,3.1616
0.144687,3.2264
0.145938,3.2921
0.14719,3.3587
0.148442,3.4262
0.149693,3.4946
0.150945,3.5639
0.152197,3.6342
0.153448,3.7054
0.1547,3.7775
0.155952,3.8505
0.157203,3.9245
0.158455,3.9995
0.159707,4.0754
0.160958,4.1522
0.16221,4.2301
0.163462,4.3089
0.164713,4.3887
0.165965,4.4695
0.167217,4.5512
0.168468,4.634
0.16972,4.7178
0.170972,4.8026
0.172223,4.8884
0.173475,4.9753
0.174727,5.0631
0.175978,5.1521
0.17723,5.242
0.178482,5.333
0.179733,5.4251
0.180985,5.5182
0.182237,5.6124
0.183488,5.7077
0.18474,5.804
0.185992,5.9014
0.187243,5.9999
0.188495,6.0996
0.189747,6.2003
0.190998,6.3021
0.19225,6.4051
0.193502,6.5091
0.194753,6.6143
0.196005,6.7207
0.197257,6.8282
0.198508,6.9368
0.19976,7.0465
0.201012,7.1575
0.202263,7.2696
0.203515,7.3829
0.204767,7.4973
0.206018,7.6129
0.20727,7.7298
0.208522,7.8478
0.209773,7.967
0.211025,8.0874
0.212277,8.209
0.213528,8.3319
0.21478,8.456
0.216032,8.5813
0.217283,8.7079
0.218535,8.8357
0.219787,8.9647
0.221038,9.095
0.22229,9.2266
0.223542,9.3594
0.224793,9.4935
0.226045,9.6289
0.227297,9.7656
0.228548,9.9036
0.2298,10.0428
0.231052,10.1834
0.232303,10.3253
0.233555,10.4685
0.234807,10.613
0.236058,10.7589
0.23731,10.9061
0.238562,11.0546
0.239813,11.2045
0.241065,11.3557
0.242317,11.5083
0.243568,11.6602
0.24482,11.8116
0.246072,11.9643
0.247323,12.1185
0.248575,12.274
0.249827,12.431
0.251078,12.5894
0.25233,12.7492
0.253582,12.9104
0.254833,13.0731
0.256085,13.2372
0.257337,13.4028
0.258588,13.5699
0.25984,13.7384
0.261092,13.9084
0.262343,14.0798
0.263595,14.2528
0.264847,14.4272
0.266098,14.6031
0.26735,14.7805
0.268602,14.9595
0.269853,15.1399
0.271105,15.3219
0.272357,15.5053
0.273608,15.6904
0.27486,15.8769
0.276112,16.065
0.277363,16.2547
0.278615,16.4459
0.279867,16.6386
0.281118,16.833
0.28237,17.0289
0.283622,17.2264
0.284873,17.4254
0.286125,17.6261
0.287377,17.8284
0.288628,18.0322
0.28988,18.2377
0.291132,18.4448
0.292383,18.6535
0.293635,18.8639
0.294887,19.0758
0.296138,19.2895
0.29739,19.5047
0.298642,19.7216
0.299893,19.9402
0.301145,20.1605
0.302397,20.3824
0.303648,20.606
0.3049,20.8313
0.306152,21.0582
0.307403,21.2869
0.308655,21.5172
0.309907,21.7493
0.311158,21.9831
0.31241,22.2186
0.313662,22.4558
0.314913,22.6948
0.316165,22.9355
0.317417,23.1779
0.318668,23.4221
0.31992,23.6681
0.321172,23.9158
0.322423,24.1653
0.323675,24.4165
0.324927,24.6696
0.326178,24.9244
0.32743,25.181
0.328682,25.4394
0.329933,25.6997
0.331185,25.9617
0.332437,26.2255
0.333688,26.4912
0.33494,26.7587
0.336192,27.028
0.337443,27.2992
0.338695,27.5723
0.339947,27.8471
0.341198,28.1239
0.34245,28.4025
0.343702,28.683
0.344953,28.9653
0.346205,29.2496
0.347457,29.5357
0.348708,29.8237
0.34996,30.1136
0.351212,30.4055
0.352463,30.6992
0.353715,30.9949
0.354967,31.2925
0.356218,31.592
0.35747,31.8935
0.358722,32.1969
0.359973,32.5023
0.361225,32.8096
0.362477,33.1189
0.363728,33.4302
0.36498,33.7434
0.366232,34.0586
0.367483,34.3758
0.368735,34.695
0.369987,35.0162
0.371238,35.3394
0.37249,35.6646
0.373742,35.9918
0.374993,36.3211
0.376245,36.6524
0.377497,36.9857
0.378748,37.3211
0.38,37.6585
