diameter_mm,particle_density_kg_m3,sphericity_assumed,Re_p,C_D,terminal_speed_m_s,stokes_speed_m_s,stokes_overestimate_percent,force_residual_relative
0.05,2650.0,1.0,0.10839105038437934,228.63737596784432,0.002176724980542919,0.0022476721875743133,3.2593555761784243,2.7287819927294206e-15
0.075,2650.0,1.0,0.35197641332345836,73.1780329327282,0.004712294657330154,0.005057262422042205,7.320589856906334,2.720696712750964e-12
0.1,2650.0,1.0,0.7937908073058191,34.1045193888152,0.007970511741792828,0.008990688750297253,12.799391576769125,7.796519979226916e-16
0.15,2650.0,1.0,2.3760525612155234,12.846527593466893,0.015905412075811545,0.02022904968816882,27.183436629928792,0.0
0.2,2650.0,1.0,4.941618109525851,7.040049150458345,0.024809575018331875,0.03596275500118901,44.95514322440437,1.949129994806729e-16
0.25,2650.0,1.0,8.473310765278962,4.676681786857127,0.034032454054608925,0.05619180468935784,65.11240887651455,7.464700088911018e-14
0.3,2650.0,1.0,12.92604562387892,3.472613579400928,0.043263790859356756,0.08091619875267528,87.02983983932455,2.3100799938450133e-16
0.5,2650.0,1.0,39.10730705522829,1.756379075055182,0.0785358679402055,0.22476721875743136,186.19689913984442,2.6146409402335385e-14
0.6,2650.0,1.0,56.786821826199116,1.4394039446065658,0.09503344079637326,0.3236647950107011,240.57989724292196,2.3100799938450133e-16
0.75,2650.0,1.0,88.56940214788004,1.1556875316857012,0.11857758211793352,0.5057262422042206,326.4939739631739,0.0
1,2650.0,1.0,154.67665963492428,0.8982029867175816,0.15531196890347498,0.8990688750297254,478.8793235816158,1.9959091146820905e-16
1.5,2650.0,1.0,332.2079116934922,0.6571702561250143,0.22238160117243808,2.0229049688168823,809.6548267265559,2.2709010371494013e-14
2,2650.0,1.0,565.4580301467399,0.5376668975117376,0.2838902786032928,3.5962755001189017,1166.7836030920678,1.9959091146820905e-16
