configuration,diameter_mm,particle_reynolds,terminal_speed_m_s,nominal_settling_area_m2,surface_loading_m_s,nominal_residence_s,full_depth_settling_s,ideal_capture_percent,fully_mixed_capture_percent,maximum_direct_bypass_fraction_for_70_in_mixed_model,effective_area_for_70_percent_m2,effective_area_fraction_for_70_percent,mixed_model_area_for_70_percent_m2,mixed_model_area_fraction_for_70_percent,screen_open_area_m2,screen_side_gap_geometric_area_m2,screen_side_gap_share_of_holes_plus_side_gaps,screen_mean_speed_m_s,impact_gap_mean_speed_m_s,outlet_underflow_mean_speed_m_s,actual_capture_percent
BASE_700x900,0.1,0.793491189570537,0.00796511893357722,0.63,0.009523809523809525,57.75000000000001,69.051071878093,83.63374880256079,45.54377904275214,0.0,0.527299094341801,0.8369826894314302,1.7576636478060037,2.789942298104768,0.09693384132651306,0.033,0.2539754051992792,0.0618978874445874,0.03896103896103896,0.026785714285714288,UNKNOWN
BASE_700x900,0.15,2.3752095693774877,0.01589501094313927,0.63,0.009523809523809525,57.75000000000001,34.602052302291455,100.0,62.532448993087606,0.0,0.26423385394477106,0.4194188157853509,0.8807795131492371,1.3980627192845032,0.09693384132651306,0.033,0.2539754051992792,0.0618978874445874,0.03896103896103896,0.026785714285714288,UNKNOWN
BASE_700x900,0.2,4.939960584380096,0.024793831424308035,0.63,0.009523809523809525,57.75000000000001,22.182936980880513,100.0,72.24806466677617,0.031115915383266635,0.16939697330854206,0.2688840846167334,0.5646565776951403,0.8962802820557783,0.09693384132651306,0.033,0.2539754051992792,0.0618978874445874,0.03896103896103896,0.026785714285714288,UNKNOWN
BASE_700x900,0.3,12.922060181742808,0.04323750852236123,0.63,0.009523809523809525,57.75000000000001,12.720436926090581,100.0,81.94925775835364,0.14581288574435658,0.09713788198105534,0.1541871142556434,0.3237929399368512,0.5139570475188114,0.09693384132651306,0.033,0.2539754051992792,0.0618978874445874,0.03896103896103896,0.026785714285714288,UNKNOWN
BASE_700x900,0.5,39.096309749129155,0.07849028725431259,0.63,0.009523809523809525,57.75000000000001,7.007236426820195,100.0,89.17922256497339,0.21506380088702792,0.05350980544117239,0.08493619911297205,0.17836601813724134,0.2831206637099069,0.09693384132651306,0.033,0.2539754051992792,0.0618978874445874,0.03896103896103896,0.026785714285714288,UNKNOWN
NARROW_600x1050,0.1,0.793491189570537,0.00796511893357722,0.63,0.009523809523809525,57.75000000000001,69.051071878093,83.63374880256079,45.54377904275214,0.0,0.527299094341801,0.8369826894314302,1.7576636478060037,2.789942298104768,0.07982786932771664,0.033,0.2924809286626616,0.07516172046842756,0.045454545454545456,0.03125,UNKNOWN
NARROW_600x1050,0.15,2.3752095693774877,0.01589501094313927,0.63,0.009523809523809525,57.75000000000001,34.602052302291455,100.0,62.532448993087606,0.0,0.26423385394477106,0.4194188157853509,0.8807795131492371,1.3980627192845032,0.07982786932771664,0.033,0.2924809286626616,0.07516172046842756,0.045454545454545456,0.03125,UNKNOWN
NARROW_600x1050,0.2,4.939960584380096,0.024793831424308035,0.63,0.009523809523809525,57.75000000000001,22.182936980880513,100.0,72.24806466677617,0.031115915383266635,0.16939697330854206,0.2688840846167334,0.5646565776951403,0.8962802820557783,0.07982786932771664,0.033,0.2924809286626616,0.07516172046842756,0.045454545454545456,0.03125,UNKNOWN
NARROW_600x1050,0.3,12.922060181742808,0.04323750852236123,0.63,0.009523809523809525,57.75000000000001,12.720436926090581,100.0,81.94925775835364,0.14581288574435658,0.09713788198105534,0.1541871142556434,0.3237929399368512,0.5139570475188114,0.07982786932771664,0.033,0.2924809286626616,0.07516172046842756,0.045454545454545456,0.03125,UNKNOWN
NARROW_600x1050,0.5,39.096309749129155,0.07849028725431259,0.63,0.009523809523809525,57.75000000000001,7.007236426820195,100.0,89.17922256497339,0.21506380088702792,0.05350980544117239,0.08493619911297205,0.17836601813724134,0.2831206637099069,0.07982786932771664,0.033,0.2924809286626616,0.07516172046842756,0.045454545454545456,0.03125,UNKNOWN
SHORT_WIDE_800x800,0.1,0.793491189570537,0.00796511893357722,0.6400000000000001,0.009374999999999998,58.66666666666668,69.051071878093,84.96126862482369,45.93462688513428,0.0,0.527299094341801,0.8239048349090639,1.7576636478060037,2.74634944969688,0.10833782265904401,0.033,0.23348314965632008,0.055382320345157145,0.03409090909090909,0.0234375,UNKNOWN
SHORT_WIDE_800x800,0.15,2.3752095693774877,0.01589501094313927,0.6400000000000001,0.009374999999999998,58.66666666666668,34.602052302291455,100.0,62.90068880027421,0.0,0.26423385394477106,0.4128653967887047,0.8807795131492371,1.3762179892956827,0.10833782265904401,0.033,0.23348314965632008,0.055382320345157145,0.03409090909090909,0.0234375,UNKNOWN
SHORT_WIDE_800x800,0.2,4.939960584380096,0.024793831424308035,0.6400000000000001,0.009374999999999998,58.66666666666668,22.182936980880513,100.0,72.56271400218114,0.035317229205403144,0.16939697330854206,0.2646827707945969,0.5646565776951403,0.8822759026486566,0.10833782265904401,0.033,0.23348314965632008,0.055382320345157145,0.03409090909090909,0.0234375,UNKNOWN
SHORT_WIDE_800x800,0.3,12.922060181742808,0.04323750852236123,0.6400000000000001,0.009374999999999998,58.66666666666668,12.720436926090581,100.0,82.18104351360577,0.1482220594046011,0.09713788198105534,0.15177794059539895,0.3237929399368512,0.50592646865133,0.10833782265904401,0.033,0.23348314965632008,0.055382320345157145,0.03409090909090909,0.0234375,UNKNOWN
SHORT_WIDE_800x800,0.5,39.096309749129155,0.07849028725431259,0.6400000000000001,0.009374999999999998,58.66666666666668,7.007236426820195,100.0,89.33025738268458,0.21639092899816814,0.05350980544117239,0.08360907100183185,0.17836601813724134,0.27869690333943953,0.10833782265904401,0.033,0.23348314965632008,0.055382320345157145,0.03409090909090909,0.0234375,UNKNOWN
