ПОЗИЦИЯ;ОБОЗНАЧЕНИЕ;ОПИСАНИЕ;<FONT name="Times New Roman" size=3.125>К-ВО
1;25.SHT.G.01.00.00.00 СБ  Отсек;;1
2;25.SHT.G.01.01.00.00 СБ  Опора;;2
3;25.SHT.G.01.01.00.01  Пластина;;2
4;25.SHT.G.01.01.00.02  Косынка;;4
5;25.SHT.G.01.01.00.03  Пластина крепления;;12
6;25.SHT.G.01.00.00.01  Желоб выгрузки;;1
7;25.SHT.G.01.00.00.02  Желоб;;1
8;25.SHT.G.01.00.00.03  Желоб;;1
9;25.SHT.G.01.00.00.04  Уголок;;1
10;25.SHT.G.01.00.00.05  Пластина;;2
11;25.SHT.G.01.00.00.06  Пластина;;2
12;25.SHT.G.01.00.00.08  Шпангоут;;3
13;25.SHT.G.01.00.00.09  Шпангоут;;1
14;25.SHT.G.01.00.00.04-01  Уголок;;1
15;25.SHT.G.01.00.00.10  Труба;;2
16;25.SHT.G.01.00.00.11  Труба;;2
17;25.SHT.G.02.00.00.00 СБ  Шнек с осями;;1
18;25.SHT.G.02.00.00.01  Шнек 200 мм;;1
19;25.SHT.G.02.00.00.02  Вал;;1
20;25.SHT.G.02.00.00.03  Вал;;1
21;25.SHT.G.02.00.00.04  Торец;;2
22;25.SHT.G.03.00.00.00 СБ  Фланец;;1
23;25.SHT.G.03.00.00.01  Пластина;;2
24;25.SHT.G.03.00.00.02  Фланец;;1
25;25.SHT.G.03.00.00.03  Обойма;;1
26;25.SHT.G.03.00.00.04  Косынка;;3
27;25.SHT.G.04.00.00.00 СБ  Фланец;;1
28;25.SHT.G.04.00.00.01  Фланец;;2
29;25.SHT.G.04.00.00.02  Труба фланца;;1
30;25.SHT.G.04.00.00.03  Косынка;;4
31;25.SHT.G.04.00.00.04  Обойма;;1
32;25.SHT.G.05.00.00.00 СБ  Фланец соединительный;;1
33;25.SHT.G.05.00.00.01  Труба фланца;;1
34;25.SHT.G.05.00.00.02  Фланец редуктора;;1
35;25.SHT.G.05.00.00.03  Косынка;;6
36;25.SHT.G.06.00.00.00 СБ  Крышка;;1
37;25.SHT.G.06.01.00.00 СБ  Крышка;;1
38;25.SHT.G.06.01.00.01  Пластина крышки;;1
39;25.SHT.G.06.01.00.02  Пластина горловины;;4
40;25.SHT.G.06.01.00.03  Пластина горловины;;4
41;Ручка скоба с втулками пластиковая-12;;4
42;DIN 7984 - M6 x 20 --- 17C;;8
43;Шайба М6 DIN 125 А2;;44
44;Гайка М6 DIN 934;;44
45;25.SHT.G.07.00.00.00 СБ  Крышка;;1
46;25.SHT.G.07.01.00.00 СБ  Крышка;;1
47;25.SHT.G.07.01.00.01  Пластина крышки;;1
48;25.SHT.G.08.00.00.00 СБ  Опора;;2
49;25.SHT.G.08.00.00.01  Уголок;;4
50;25.SHT.G.08.00.00.02  Уголок;;2
51;25.SHT.G.09.00.00.00 СБ  Перекладина съемная;;4
52;25.SHT.G.09.00.00.01  Перекладина;;4
53;25.SHT.G.09.00.00.02  Пластина;;8
54;25.SHT.G.00.00.00.01  Футеровка;;2
55;25.SHT.G.00.00.00.02  Футеровка;;1
56;25.SHT.G.00.00.00.03  Резиновая прокладка к фланцам;;1
57;25.SHT.G.00.00.00.04  Резина проставка под крышкой;;2
58;25.SHT.G.00.00.00.05  Фланец наружний;;1
59;25.SHT.G.00.00.00.06  Вал редуктора;;1
60;25.SHT.G.00.00.00.07  Стопорная шайба редутора;;1
61;25.SHT.G.00.00.00.08  Проставочное кольцо подшипники;;2
62;25.SHT.G.00.00.00.09  Резиновая проставка отсеков;;2
63;Стопорное кольцо D65 ГОСТ 13942-86;;2
64;Подшипник NSK 7213BEA;;4
65;Стопорное кольцо D100 ГОСТ 13943-86;;2
66;Стопорное кольцо D120 ГОСТ 13943-86;;2
67;Мотор-редуктор UD-FA87-88.01 (PAM60) М1 3Кв;;1
68;Манжета 2 -75х100-5 ГОСТ 8752-79;;2
69;Шпонка 18х11х110 ГОСТ 23360-78;;1
70;Шпонка 16х10х40 ГОСТ 23360-78;;1
71;Шпонка 14х9х40 ГОСТ 23360-78;;1
72;Шайба М16 DIN 125 ОЦ;;33
73;M16x50;;20
74;Шайба М16 DIN 127 А2;;34
75;M16x45;;7
76;DIN 7984 - M16 x 40 --- 34C;;6
77;Болт М8 DIN 931 A2;;16
78;Шайба М8 DIN125 А2;;32
79;DIN 7991 - M6 x 20 --- 13.7C;;36
80;Муфта BM 42-55 B-B Red (Сталь 45);;1
81;Болт М16x35 DIN 933 ОЦ;;1
82;Болт М8 DIN 931 A2;;16
83;Шайба М8 DIN 127 А2;;16
84;Hexagon Flange Nut DIN 6923 - M8 - C;;32
85;Hexagon Flange Nut DIN 6923 - M16 - C;;27
