"Позиция","Обозначение","Наименование","Количество_BOM","Материал_из_BOM","Причина_отсутствия_чертежа","Куда_включена_позиция","Статус"
"135","","Болт М12х150 DIN 933 ОЦ","4","Сталь 20 ГОСТ 535-88","Предположительно стандартное изделие; проверить стандарт, модификации и закупку","BOM(6), отдельная классификация и закупочная ведомость не утверждены","НЕ ПРОВЕРЕНО"
"136","","Винт M12х30 DIN 7984 А4","8","AISI 316 Нержавеющая сталь, лист (SS)","Предположительно стандартное изделие; проверить стандарт, модификации и закупку","BOM(6), отдельная классификация и закупочная ведомость не утверждены","НЕ ПРОВЕРЕНО"
"137","","Винт М10х16 DIN 7984 А4","6","AISI 316 Нержавеющая сталь, лист (SS)","Предположительно стандартное изделие; проверить стандарт, модификации и закупку","BOM(6), отдельная классификация и закупочная ведомость не утверждены","НЕ ПРОВЕРЕНО"
"138","","Винт М10х40 DIN 7984 А4","5","AISI 316 Нержавеющая сталь, лист (SS)","Предположительно стандартное изделие; проверить стандарт, модификации и закупку","BOM(6), отдельная классификация и закупочная ведомость не утверждены","НЕ ПРОВЕРЕНО"
"139","","Винт М10х45 DIN 7984 А4","8","AISI 316 Нержавеющая сталь, лист (SS)","Предположительно стандартное изделие; проверить стандарт, модификации и закупку","BOM(6), отдельная классификация и закупочная ведомость не утверждены","НЕ ПРОВЕРЕНО"
"140","","Винт М10х60 DIN 7984 А4","6","AISI 316 Нержавеющая сталь, лист (SS)","Предположительно стандартное изделие; проверить стандарт, модификации и закупку","BOM(6), отдельная классификация и закупочная ведомость не утверждены","НЕ ПРОВЕРЕНО"
"141","","Винт М12х20 DIN 7984 А4","4","AISI 316 Нержавеющая сталь, лист (SS)","Предположительно стандартное изделие; проверить стандарт, модификации и закупку","BOM(6), отдельная классификация и закупочная ведомость не утверждены","НЕ ПРОВЕРЕНО"
"142","","Винт М12х30 DIN 7984 А4","12","AISI 316 Нержавеющая сталь, лист (SS)","Предположительно стандартное изделие; проверить стандарт, модификации и закупку","BOM(6), отдельная классификация и закупочная ведомость не утверждены","НЕ ПРОВЕРЕНО"
"143","","Винт М12х60 DIN 7984 A4","6","AISI 316 Нержавеющая сталь, лист (SS)","Предположительно стандартное изделие; проверить стандарт, модификации и закупку","BOM(6), отдельная классификация и закупочная ведомость не утверждены","НЕ ПРОВЕРЕНО"
"144","","Винт М16х155 DIN 7984 ОЦ","3","Сталь 20 ГОСТ 535-88","Предположительно стандартное изделие; проверить стандарт, модификации и закупку","BOM(6), отдельная классификация и закупочная ведомость не утверждены","НЕ ПРОВЕРЕНО"
"145","","Винт М6х16 DIN 7991 A4","8","AISI 316 Нержавеющая сталь, лист (SS)","Предположительно стандартное изделие; проверить стандарт, модификации и закупку","BOM(6), отдельная классификация и закупочная ведомость не утверждены","НЕ ПРОВЕРЕНО"
"146","","Винт М6х20 DIN 7984 А4","4","AISI 316 Нержавеющая сталь, лист (SS)","Предположительно стандартное изделие; проверить стандарт, модификации и закупку","BOM(6), отдельная классификация и закупочная ведомость не утверждены","НЕ ПРОВЕРЕНО"
"147","","Винт М6х45 DIN 7991 А4","14","AISI 316 Нержавеющая сталь, лист (SS)","Предположительно стандартное изделие; проверить стандарт, модификации и закупку","BOM(6), отдельная классификация и закупочная ведомость не утверждены","НЕ ПРОВЕРЕНО"
"148","","Винт М8х20 DIN 7984 A4","19","AISI 316 Нержавеющая сталь, лист (SS)","Предположительно стандартное изделие; проверить стандарт, модификации и закупку","BOM(6), отдельная классификация и закупочная ведомость не утверждены","НЕ ПРОВЕРЕНО"
"149","","Винт М8х27 DIN 7984 А4","4","AISI 316 Нержавеющая сталь, лист (SS)","Предположительно стандартное изделие; проверить стандарт, модификации и закупку","BOM(6), отдельная классификация и закупочная ведомость не утверждены","НЕ ПРОВЕРЕНО"
"150","","Винт М8х30 DIN 7991 А4","6","AISI 316 Нержавеющая сталь, лист (SS)","Предположительно стандартное изделие; проверить стандарт, модификации и закупку","BOM(6), отдельная классификация и закупочная ведомость не утверждены","НЕ ПРОВЕРЕНО"
"151","","Винт М8х35 DIN 7991 А4","12","AISI 316 Нержавеющая сталь, лист (SS)","Предположительно стандартное изделие; проверить стандарт, модификации и закупку","BOM(6), отдельная классификация и закупочная ведомость не утверждены","НЕ ПРОВЕРЕНО"
"152","","Винт М8х45 DIN 7991 А4","8","AISI 316 Нержавеющая сталь, лист (SS)","Предположительно стандартное изделие; проверить стандарт, модификации и закупку","BOM(6), отдельная классификация и закупочная ведомость не утверждены","НЕ ПРОВЕРЕНО"
"153","","Гайка М10 DIN 934 А4","18","AISI 316 Нержавеющая сталь, лист (SS)","Предположительно стандартное изделие; проверить стандарт, модификации и закупку","BOM(6), отдельная классификация и закупочная ведомость не утверждены","НЕ ПРОВЕРЕНО"
"154","","Гайка М12 DIN 6923 А4","12","AISI 316 Нержавеющая сталь, лист (SS)","Предположительно стандартное изделие; проверить стандарт, модификации и закупку","BOM(6), отдельная классификация и закупочная ведомость не утверждены","НЕ ПРОВЕРЕНО"
"155","","Гайка М12 DIN 6923 ОЦ","4","Сталь 20 ГОСТ 535-88","Предположительно стандартное изделие; проверить стандарт, модификации и закупку","BOM(6), отдельная классификация и закупочная ведомость не утверждены","НЕ ПРОВЕРЕНО"
"156","","Гайка М12 DIN 934 А4","6","AISI 316 Нержавеющая сталь, лист (SS)","Предположительно стандартное изделие; проверить стандарт, модификации и закупку","BOM(6), отдельная классификация и закупочная ведомость не утверждены","НЕ ПРОВЕРЕНО"
"157","","Гайка М16 DIN 6923 ОЦ","10","Сталь 20 ГОСТ 535-88","Предположительно стандартное изделие; проверить стандарт, модификации и закупку","BOM(6), отдельная классификация и закупочная ведомость не утверждены","НЕ ПРОВЕРЕНО"
"158","","Гайка М6 DIN 934 А4","14","AISI 316 Нержавеющая сталь, лист (SS)","Предположительно стандартное изделие; проверить стандарт, модификации и закупку","BOM(6), отдельная классификация и закупочная ведомость не утверждены","НЕ ПРОВЕРЕНО"
"159","","Гайка М8 DIN 6923 A4","12","AISI 316 Нержавеющая сталь, лист (SS)","Предположительно стандартное изделие; проверить стандарт, модификации и закупку","BOM(6), отдельная классификация и закупочная ведомость не утверждены","НЕ ПРОВЕРЕНО"
"160","","Гайка М8 DIN934 А4","14","AISI 316 Нержавеющая сталь, лист (SS)","Предположительно стандартное изделие; проверить стандарт, модификации и закупку","BOM(6), отдельная классификация и закупочная ведомость не утверждены","НЕ ПРОВЕРЕНО"
"161","","Гайка М8 ГОСТ 5916-70 А4","4","AISI 316 Нержавеющая сталь, лист (SS)","Предположительно стандартное изделие; проверить стандарт, модификации и закупку","BOM(6), отдельная классификация и закупочная ведомость не утверждены","НЕ ПРОВЕРЕНО"
"162","","Гайка барашек М8 DIN-314 A4","8","AISI 316 Нержавеющая сталь, лист (SS)","Предположительно стандартное изделие; проверить стандарт, модификации и закупку","BOM(6), отдельная классификация и закупочная ведомость не утверждены","НЕ ПРОВЕРЕНО"
"163","","Заглушка","6","PE1000 Высокой плотности","Классификация не определена; изготовление и необходимость чертежа проверить","BOM(6), отдельная классификация и закупочная ведомость не утверждены","НЕ ПРОВЕРЕНО"
"164","","Звезда HP38.1F10 z=16","2","AISI 316 Нержавеющая сталь, лист (SS)","Классификация не определена; изготовление и необходимость чертежа проверить","BOM(6), отдельная классификация и закупочная ведомость не утверждены","НЕ ПРОВЕРЕНО"
"165","","Звено 1 HP38.1F10","1","AISI 304","Классификация не определена; изготовление и необходимость чертежа проверить","BOM(6), отдельная классификация и закупочная ведомость не утверждены","НЕ ПРОВЕРЕНО"
"166","","Звено 2 HP38.1F10","1","AISI 304","Классификация не определена; изготовление и необходимость чертежа проверить","BOM(6), отдельная классификация и закупочная ведомость не утверждены","НЕ ПРОВЕРЕНО"
"167","","Звено 4х21 А2 нерж.","24","AISI 304","Классификация не определена; изготовление и необходимость чертежа проверить","BOM(6), отдельная классификация и закупочная ведомость не утверждены","НЕ ПРОВЕРЕНО"
"168","","Кольцо стопорное D80 DIN 472","1","Сталь 45 ГОСТ 1050-88","Предположительно стандартное изделие; проверить стандарт, модификации и закупку","BOM(6), отдельная классификация и закупочная ведомость не утверждены","НЕ ПРОВЕРЕНО"
"169","","Кольцо-стопорное-наружное-ГОСТ-13942-86-DIN-471 Вал 
10мм 36НХТЮ","4","Сталь 65Г ГОСТ 14959-79","Предположительно стандартное изделие; проверить стандарт, модификации и закупку","BOM(6), отдельная классификация и закупочная ведомость не утверждены","НЕ ПРОВЕРЕНО"
"170","","Мотор-редуктор PCRV090.130-121-7.4-1,1кВт-6P-380-50","1","Чугун","Предположительно покупное изделие; проверить каталог и закупку","BOM(6), отдельная классификация и закупочная ведомость не утверждены","НЕ ПРОВЕРЕНО"
"171","","Подшипник 208 2Z","1","","Предположительно покупное изделие; проверить каталог и закупку","BOM(6), отдельная классификация и закупочная ведомость не утверждены","НЕ ПРОВЕРЕНО"
"172","","Подшипник UCF 308","1","","Предположительно покупное изделие; проверить каталог и закупку","BOM(6), отдельная классификация и закупочная ведомость не утверждены","НЕ ПРОВЕРЕНО"
"173","","Подшипник UCP 204","2","","Предположительно покупное изделие; проверить каталог и закупку","BOM(6), отдельная классификация и закупочная ведомость не утверждены","НЕ ПРОВЕРЕНО"
"174","","Ручка скоба с втулками пластиковая","2","ABS","Предположительно покупное изделие; проверить каталог и закупку","BOM(6), отдельная классификация и закупочная ведомость не утверждены","НЕ ПРОВЕРЕНО"
"175","","Шaйба М12 DIN 125 А4","12","AISI 316 Нержавеющая сталь, лист (SS)","Предположительно стандартное изделие; проверить стандарт, модификации и закупку","BOM(6), отдельная классификация и закупочная ведомость не утверждены","НЕ ПРОВЕРЕНО"
"176","","Шайба М10 DIN 125 А4","32","AISI 316 Нержавеющая сталь, лист (SS)","Предположительно стандартное изделие; проверить стандарт, модификации и закупку","BOM(6), отдельная классификация и закупочная ведомость не утверждены","НЕ ПРОВЕРЕНО"
"177","","Шайба М10 DIN 127 А4","16","AISI 316 Нержавеющая сталь, лист (SS)","Предположительно стандартное изделие; проверить стандарт, модификации и закупку","BOM(6), отдельная классификация и закупочная ведомость не утверждены","НЕ ПРОВЕРЕНО"
"178","","Шайба М12 DIN 125 А4","18","AISI 316 Нержавеющая сталь, лист (SS)","Предположительно стандартное изделие; проверить стандарт, модификации и закупку","BOM(6), отдельная классификация и закупочная ведомость не утверждены","НЕ ПРОВЕРЕНО"
"179","","Шайба М12 DIN 125 ОЦ","4","Сталь 20 ГОСТ 535-88","Предположительно стандартное изделие; проверить стандарт, модификации и закупку","BOM(6), отдельная классификация и закупочная ведомость не утверждены","НЕ ПРОВЕРЕНО"
"180","","Шайба М8 DIN 125 А4","1","AISI 316 Нержавеющая сталь, лист (SS)","Предположительно стандартное изделие; проверить стандарт, модификации и закупку","BOM(6), отдельная классификация и закупочная ведомость не утверждены","НЕ ПРОВЕРЕНО"
"181","","Шайба М8 DIN125 А4","14","AISI 316 Нержавеющая сталь, лист (SS)","Предположительно стандартное изделие; проверить стандарт, модификации и закупку","BOM(6), отдельная классификация и закупочная ведомость не утверждены","НЕ ПРОВЕРЕНО"
"182","","Шайба гроверная М8 DIN127 А4","14","AISI 316 Нержавеющая сталь, лист (SS)","Предположительно стандартное изделие; проверить стандарт, модификации и закупку","BOM(6), отдельная классификация и закупочная ведомость не утверждены","НЕ ПРОВЕРЕНО"
"183","","Шайба увеличенная М10 D68 А4","1","AISI 316 Нержавеющая сталь, лист (SS)","Предположительно стандартное изделие; проверить стандарт, модификации и закупку","BOM(6), отдельная классификация и закупочная ведомость не утверждены","НЕ ПРОВЕРЕНО"
"184","","Шайба увеличенная М8 D30 A4","4","AISI 316 Нержавеющая сталь, лист (SS)","Предположительно стандартное изделие; проверить стандарт, модификации и закупку","BOM(6), отдельная классификация и закупочная ведомость не утверждены","НЕ ПРОВЕРЕНО"
"185","","Шайба увеличенная М8 D50 А4","1","AISI 316 Нержавеющая сталь, лист (SS)","Предположительно стандартное изделие; проверить стандарт, модификации и закупку","BOM(6), отдельная классификация и закупочная ведомость не утверждены","НЕ ПРОВЕРЕНО"
"186","","Шпилька М8x20 DIN 975 А4","8","AISI 316 Нержавеющая сталь, лист (SS)","Предположительно стандартное изделие; проверить стандарт, модификации и закупку","BOM(6), отдельная классификация и закупочная ведомость не утверждены","НЕ ПРОВЕРЕНО"
"187","","Шпонка 8х10х50","1","","Предположительно стандартное изделие; проверить стандарт, модификации и закупку","BOM(6), отдельная классификация и закупочная ведомость не утверждены","НЕ ПРОВЕРЕНО"
"188","","Шпонка 9х14х150","1","","Предположительно стандартное изделие; проверить стандарт, модификации и закупку","BOM(6), отдельная классификация и закупочная ведомость не утверждены","НЕ ПРОВЕРЕНО"
"189","","Шпонка 9х14х60","1","","Предположительно стандартное изделие; проверить стандарт, модификации и закупку","BOM(6), отдельная классификация и закупочная ведомость не утверждены","НЕ ПРОВЕРЕНО"
