position,designation,bom_name,material,quantity,step_product_count,step_names,step_assembly,step_root_occurrences,match_method,match_status
1,00.GR.01.00.00.09,00.GR.01.00.00.09  Направляющая нижняя,PE1000 Высокой плотности,1,2,00.GR.01.00.00.09  Направляющая нижняя | 00.GR.01.00.00.09  Направляющая нижняя,False | False,1 | 1,designation,ambiguous multiple STEP products
2,00.GR.01.00.00.09,00.GR.01.00.00.09  Направляющая нижняя,PE1000 Высокой плотности,1,2,00.GR.01.00.00.09  Направляющая нижняя | 00.GR.01.00.00.09  Направляющая нижняя,False | False,1 | 1,designation,ambiguous multiple STEP products
3,00.GR.01.00.00.10,00.GR.01.00.00.10  Накладка,PE1000 Высокой плотности,4,1,00.GR.01.00.00.10  Накладка,False,4,designation,quantity matches
4,00.GR.01.00.00.11,00.GR.01.00.00.11  Подложка верхняя,PE1000 Высокой плотности,2,1,00.GR.01.00.00.11  Подложка верхняя,False,2,designation,quantity matches
5,00.GR.01.00.00.12,00.GR.01.00.00.12  Направляющая верхняя,PE1000 Высокой плотности,2,1,00.GR.01.00.00.12  Направляющая верхняя,False,2,designation,quantity matches
6,00.GR.01.01.00.02,00.GR.01.01.00.02  Заслонка,"AISI 316 Нержавеющая сталь, лист (SS)",2,1,00.GR.01.01.00.02  Заслонка,False,2,designation,quantity matches
7,00.GR.01.01.00.03,00.GR.01.01.00.03  Палец натяжителя,"AISI 316 Нержавеющая сталь, лист (SS)",8,1,00.GR.01.01.00.03  Палец натяжителя,False,8,designation,quantity matches
8,00.GR.01.01.00.03-01,00.GR.01.01.00.03-01  Палец натяжителя,"AISI 316 Нержавеющая сталь, лист (SS)",2,1,00.GR.01.01.00.03-01  Палец натяжителя,False,2,designation,quantity matches
9,00.GR.01.01.00.06,00.GR.01.01.00.06  Ухо,"AISI 316 Нержавеющая сталь, лист (SS)",8,1,00.GR.01.01.00.06  Ухо,False,8,designation,quantity matches
10,00.GR.01.01.02.02,00.GR.01.01.02.02  Заглушка,"AISI 316 Нержавеющая сталь, лист (SS)",2,1,00.GR.01.01.02.02  Заглушка,False,2,designation,quantity matches
11,00.GR.01.01.03.00,00.GR.01.01.03.00 СБ  Основа опоры,,2,1,00.GR.01.01.03.00 СБ  Основа опоры,True,2,designation,quantity matches
12,00.GR.01.01.03.01,00.GR.01.01.03.01  Пластина,"AISI 316 Нержавеющая сталь, лист (SS)",2,1,00.GR.01.01.03.01  Пластина,False,2,designation,quantity matches
13,00.GR.01.01.03.02,00.GR.01.01.03.02  Труба опорная,"AISI 316 Нержавеющая сталь, лист (SS)",2,1,00.GR.01.01.03.02  Труба опорная,False,2,designation,quantity matches
14,00.GR.01.01.03.03,00.GR.01.01.03.03  Косынка,"AISI 316 Нержавеющая сталь, лист (SS)",8,1,00.GR.01.01.03.03  Косынка,False,8,designation,quantity matches
15,00.GR.01.01.03.04,00.GR.01.01.03.04  Кольцо,"AISI 316 Нержавеющая сталь, лист (SS)",2,1,00.GR.01.01.03.04  Кольцо,False,2,designation,quantity matches
16,00.GR.01.01.03.05,00.GR.01.01.03.05  Заглушка,"AISI 316 Нержавеющая сталь, лист (SS)",2,1,00.GR.01.01.03.05  Заглушка,False,2,designation,quantity matches
17,00.GR.01.02.00.02,00.GR.01.02.00.02  Заглушка,"AISI 316 Нержавеющая сталь, лист (SS)",4,1,00.GR.01.02.00.02  Заглушка,False,4,designation,quantity matches
18,00.GR.03.00.00.02,00.GR.03.00.00.02  Вал приводной,"AISI 316 Нержавеющая сталь, лист (SS)",1,1,00.GR.03.00.00.02  Вал приводной,False,1,designation,quantity matches
19,00.GR.03.00.00.03,00.GR.03.00.00.03  Вал,"AISI 316 Нержавеющая сталь, лист (SS)",1,1,00.GR.03.00.00.03  Вал,False,1,designation,quantity matches
20,00.GR.03.00.00.04,00.GR.03.00.00.04  Фланец под звезду,"AISI 316 Нержавеющая сталь, лист (SS)",2,1,00.GR.03.00.00.04  Фланец под звезду,False,2,designation,quantity matches
21,00.GR.04.02.00.04-130-01,"00.GR.04.02.00.04-130-01  Труба D168,3x3","AISI 316 Нержавеющая сталь, лист (SS)",1,1,"00.GR.04.02.00.04-130-01  Труба D168,3x3",False,1,designation,quantity matches
22,00.GR.04.00.00.00,00.GR.04.00.00.00 СБ  Опора редуктора в сборе,,1,1,00.GR.04.00.00.00 СБ  Опора редуктора в сборе,True,1,designation,quantity matches
23,00.GR.04.01.00.00,00.GR.04.01.00.00 СБ  Опора редуктора,,1,1,00.GR.04.01.00.00 СБ  Опора редуктора,True,1,designation,quantity matches
24,00.GR.04.01.00.01,00.GR.04.01.00.01  Пластина,"AISI 316 Нержавеющая сталь, лист (SS)",1,1,00.GR.04.01.00.01  Пластина,False,1,designation,quantity matches
25,00.GR.04.01.00.02,00.GR.04.01.00.02  Обойма,"AISI 316 Нержавеющая сталь, лист (SS)",1,1,00.GR.04.01.00.02  Обойма,False,1,designation,quantity matches
26,00.GR.04.01.00.03,00.GR.04.01.00.03  Упор,"AISI 316 Нержавеющая сталь, лист (SS)",2,1,00.GR.04.01.00.03  Упор,False,2,designation,quantity matches
27,00.GR.04.01.00.04,00.GR.04.01.00.04  Ребро,"AISI 316 Нержавеющая сталь, лист (SS)",8,1,00.GR.04.01.00.04  Ребро,False,8,designation,quantity matches
28,00.GR.04.01.00.05,00.GR.04.01.00.05  Втулка,"AISI 316 Нержавеющая сталь, лист (SS)",4,1,00.GR.04.01.00.05  Втулка,False,4,designation,quantity matches
29,00.GR.04.02.00.00-130,00.GR.04.02.00.00-130 СБ  Стакан,,1,1,00.GR.04.02.00.00-130 СБ  Стакан,True,1,designation,quantity matches
30,00.GR.04.02.00.01,00.GR.04.02.00.01  Фланец,"AISI 316 Нержавеющая сталь, лист (SS)",1,1,00.GR.04.02.00.01  Фланец,False,1,designation,quantity matches
31,00.GR.04.02.00.02-130,00.GR.04.02.00.02-130  Косынка,"AISI 316 Нержавеющая сталь, лист (SS)",8,1,00.GR.04.02.00.02-130  Косынка,False,8,designation,quantity matches
32,00.GR.04.02.00.03,00.GR.04.02.00.03  Фланец редуктора pcrv 090-130,"AISI 316 Нержавеющая сталь, лист (SS)",1,1,00.GR.04.02.00.03  Фланец редуктора pcrv 090-130,False,1,designation,quantity matches
33,00.GR.04.02.00.05-130,00.GR.04.02.00.05-130  Вставка в трубу,"AISI 316 Нержавеющая сталь, лист (SS)",1,1,00.GR.04.02.00.05-130  Вставка в трубу,False,1,designation,quantity matches
34,00.GR.05.00.00.00,00.GR.05.00.00.00 СБ  Опора вала в сборе,,1,1,00.GR.05.00.00.00 СБ  Опора вала в сборе,True,1,designation,quantity matches
35,00.GR.05.01.00.00,00.GR.05.01.00.00 СБ  Опора вала,,1,1,00.GR.05.01.00.00 СБ  Опора вала,True,1,designation,quantity matches
36,00.GR.05.01.00.01,00.GR.05.01.00.01  Пластина,"AISI 316 Нержавеющая сталь, лист (SS)",1,1,00.GR.05.01.00.01  Пластина,False,1,designation,quantity matches
37,00.GR.05.01.00.02,00.GR.05.01.00.02  Втулка,"AISI 316 Нержавеющая сталь, лист (SS)",4,1,00.GR.05.01.00.02  Втулка,False,4,designation,quantity matches
38,00.GR.06.00.00.00,00.GR.06.00.00.00 СБ  Натяжитель,,2,1,00.GR.06.00.00.00 СБ  Натяжитель,True,2,designation,quantity matches
39,00.GR.06.00.00.01,00.GR.06.00.00.01  Уголок,"AISI 316 Нержавеющая сталь, лист (SS)",2,1,00.GR.06.00.00.01  Уголок,False,2,designation,quantity matches
40,00.GR.06.00.00.02,00.GR.06.00.00.02  Ребро,"AISI 316 Нержавеющая сталь, лист (SS)",8,1,00.GR.06.00.00.02  Ребро,False,8,designation,quantity matches
41,00.GR.06.00.00.03,00.GR.06.00.00.03  Усиление,"AISI 316 Нержавеющая сталь, лист (SS)",2,1,00.GR.06.00.00.03  Усиление,False,2,designation,quantity matches
42,00.GR.07.01.00.02,00.GR.07.01.00.02  Втулка,"AISI 316 Нержавеющая сталь, лист (SS)",2,1,00.GR.07.01.00.02  Втулка,False,2,designation,quantity matches
43,00.GR.07.01.00.03,00.GR.07.01.00.03  Ребро,"AISI 316 Нержавеющая сталь, лист (SS)",3,1,00.GR.07.01.00.03  Ребро,False,3,designation,quantity matches
44,00.GR.07.01.00.05,00.GR.07.01.00.05  Подложка 1,"AISI 316 Нержавеющая сталь, лист (SS)",3,1,00.GR.07.01.00.05  Подложка 1,False,3,designation,quantity matches
45,00.GR.07.01.00.06,00.GR.07.01.00.06  Подложка 2,"AISI 316 Нержавеющая сталь, лист (SS)",3,1,00.GR.07.01.00.06  Подложка 2,False,3,designation,quantity matches
46,00.GR.07.01.00.07,00.GR.07.01.00.07  Подложка 3,"AISI 316 Нержавеющая сталь, лист (SS)",3,1,00.GR.07.01.00.07  Подложка 3,False,3,designation,quantity matches
47,00.GR.07.01.00.08,00.GR.07.01.00.08  Подложка гнутая,"AISI 316 Нержавеющая сталь, лист (SS)",3,1,00.GR.07.01.00.08  Подложка гнутая,False,3,designation,quantity matches
48,00.GR.08.00.00.00,00.GR.08.00.00.00 СБ  Опора,,2,1,00.GR.08.00.00.00 СБ  Опора,True,2,designation,quantity matches
49,00.GR.08.00.00.04,00.GR.08.00.00.04  Швеллер 10П,Сталь 3 ГОСТ 535-88,2,1,00.GR.08.00.00.04  Швеллер 10П,False,2,designation,quantity matches
50,00.GR.08.01.00.00,00.GR.08.01.00.00 СБ  Основной швеллер,,2,1,00.GR.08.01.00.00 СБ  Основной швеллер,True,2,designation,quantity matches
51,00.GR.08.01.00.01,00.GR.08.01.00.01  Швеллер 12П,Сталь 3 ГОСТ 535-88,2,1,00.GR.08.01.00.01  Швеллер 12П,False,2,designation,quantity matches
52,00.GR.08.01.00.02,00.GR.08.01.00.02  Пятка,Сталь 3 ГОСТ 535-88,2,1,00.GR.08.01.00.02  Пятка,False,2,designation,quantity matches
53,00.GR.08.01.00.03,00.GR.08.01.00.03  Косынка,Сталь 3 ГОСТ 535-88,4,1,00.GR.08.01.00.03  Косынка,False,4,designation,quantity matches
54,00.GR.10.02.00.00,00.GR.10.02.00.00  Торец,"AISI 316 Нержавеющая сталь, лист (SS)",2,1,00.GR.10.02.00.00  Торец,False,2,designation,quantity matches
55,00.GR.10.04.00.00,00.GR.10.04.00.00  Втулка,"AISI 316 Нержавеющая сталь, лист (SS)",4,1,00.GR.10.04.00.00  Втулка,False,4,designation,quantity matches
56,00.GR.11.00.00.02,00.GR.11.00.00.02  Ребро,"AISI 316 Нержавеющая сталь, лист (SS)",2,1,00.GR.11.00.00.02  Ребро,False,2,designation,quantity matches
57,00.GR.12.00.00.02,00.GR.12.00.00.02  Втулка вварная,"AISI 316 Нержавеющая сталь, лист (SS)",3,1,00.GR.12.00.00.02  Втулка вварная,False,3,designation,quantity matches
58,00.GR.12.00.00.02-01,00.GR.12.00.00.02-01 СБ  Втулка вварная,"AISI 316 Нержавеющая сталь, лист (SS)",3,1,00.GR.12.00.00.02-01 СБ  Втулка вварная,False,3,designation,quantity matches
59,00.GR.12.00.00.03,00.GR.12.00.00.03  Труба плоскоовальная,"AISI 316 Нержавеющая сталь, лист (SS)",2,1,00.GR.12.00.00.03  Труба плоскоовальная,False,2,designation,quantity matches
60,00.GR.12.00.00.04,00.GR.12.00.00.04  Заглушка,"AISI 316 Нержавеющая сталь, лист (SS)",4,1,00.GR.12.00.00.04  Заглушка,False,4,designation,quantity matches
61,00.GR.12.02.00.00-130,00.GR.12.02.00.00-130  Вал редуктора,Сталь 20 ГОСТ 535-88,1,1,00.GR.12.02.00.00-130  Вал редуктора,False,1,designation,quantity matches
62,00.GR.12.05.00.00-01,00.GR.12.05.00.00-01  Палец цепи,AISI 304,4,1,00.GR.12.05.00.00-01  Палец цепи,False,4,designation,quantity matches
63,00.GR.12.06.00.00,00.GR.12.06.00.00  Шпилька (УПОРНАЯ РЕЗЬБА S34х5),12Х18Н10Т ГОСТ 4543-71,2,1,00.GR.12.06.00.00  Шпилька (УПОРНАЯ РЕЗЬБА S34х5),False,2,designation,quantity matches
64,00.GR.13.00.00.00,00.GR.13.00.00.00 СБ  Муфта малая,,1,1,00.GR.13.00.00.00 СБ  Муфта малая,True,1,designation,quantity matches
65,00.GR.13.00.00.01,00.GR.13.00.00.01  Втулка муфты малая,"AISI 316 Нержавеющая сталь, лист (SS)",1,1,00.GR.13.00.00.01  Втулка муфты малая,False,1,designation,quantity matches
66,00.GR.13.00.00.02,00.GR.13.00.00.02  Фланец муфты малой,"AISI 316 Нержавеющая сталь, лист (SS)",1,1,00.GR.13.00.00.02  Фланец муфты малой,False,1,designation,quantity matches
67,00.GR.14.00.00.00,00.GR.14.00.00.00 СБ  Муфта большая,,1,1,00.GR.14.00.00.00 СБ  Муфта большая,True,1,designation,quantity matches
68,00.GR.14.00.00.01,00.GR.14.00.00.01  Втулка муфты большая,"AISI 316 Нержавеющая сталь, лист (SS)",1,1,00.GR.14.00.00.01  Втулка муфты большая,False,1,designation,quantity matches
69,00.GR.14.00.00.02,00.GR.14.00.00.02  Фланец муфты большой,"AISI 316 Нержавеющая сталь, лист (SS)",1,1,00.GR.14.00.00.02  Фланец муфты большой,False,1,designation,quantity matches
70,00.GR.15.00.00.00,00.GR.15.00.00.00 СБ  Кронштейн,,3,1,00.GR.15.00.00.00 СБ  Кронштейн,True,3,designation,quantity matches
71,00.GR.15.00.00.01,00.GR.15.00.00.01  Основание под Крюк,"AISI 316 Нержавеющая сталь, лист (SS)",3,1,00.GR.15.00.00.01  Основание под Крюк,False,3,designation,quantity matches
72,00.GR.15.00.00.02,00.GR.15.00.00.02  Крюк,"AISI 316 Нержавеющая сталь, лист (SS)",6,1,00.GR.15.00.00.02  Крюк,False,6,designation,quantity matches
73,00.GR.21.00.00.00,00.GR.21.00.00.00  Гайка S34х5 Упорная резьба,"AISI 316 Нержавеющая сталь, лист (SS)",4,1,00.GR.21.00.00.00  Гайка S34х5 Упорная резьба,False,4,designation,quantity matches
74,58-59.GR.00.00.00.01,58-59.GR.00.00.00.01  Крышка,"AISI 316 Нержавеющая сталь, лист (SS)",1,1,58-59.GR.00.00.00.01  Крышка,False,1,designation,quantity matches
75,58-59.GR.01.00.00.01,58-59.GR.01.00.00.01  Пол,"AISI 316 Нержавеющая сталь, лист (SS)",1,1,58-59.GR.01.00.00.01  Пол,False,1,designation,quantity matches
76,58-59.GR.01.00.00.02,58-59.GR.01.00.00.02  Уголок,"AISI 316 Нержавеющая сталь, лист (SS)",1,1,58-59.GR.01.00.00.02  Уголок,False,1,designation,quantity matches
77,58-59.GR.01.00.00.03,58-59.GR.01.00.00.03  Уголок,"AISI 316 Нержавеющая сталь, лист (SS)",1,1,58-59.GR.01.00.00.03  Уголок,False,1,designation,quantity matches
78,58-59.GR.01.00.00.05,58-59.GR.01.00.00.05  Щит,"AISI 316 Нержавеющая сталь, лист (SS)",1,1,58-59.GR.01.00.00.05  Щит,False,1,designation,quantity matches
79,58-59.GR.01.02.00.00,58-59.GR.01.02.00.00 СБ  Перегородка,,1,1,58-59.GR.01.02.00.00 СБ  Перегородка,True,1,designation,quantity matches
80,58-59.GR.01.02.00.00-01,58-59.GR.01.02.00.00-01 СБ  Перегородка,,1,1,58-59.GR.01.02.00.00-01 СБ  Перегородка,True,1,designation,quantity matches
81,58-59.GR.01.02.00.01,58-59.GR.01.02.00.01  Труба,"AISI 316 Нержавеющая сталь, лист (SS)",1,1,58-59.GR.01.02.00.01  Труба,False,1,designation,quantity matches
82,58-59.GR.01.02.00.01-01,58-59.GR.01.02.00.01-01  Труба,"AISI 316 Нержавеющая сталь, лист (SS)",1,1,58-59.GR.01.02.00.01-01  Труба,False,1,designation,quantity matches
83,58-59.GR.01.03.00.00,58-59.GR.01.03.00.00 СБ  Поперечина,,1,1,58-59.GR.01.03.00.00 СБ  Поперечина,True,1,designation,quantity matches
84,58-59.GR.03.00.00.00,58-59.GR.03.00.00.00 СБ  Вал в сборе,,1,1,58-59.GR.03.00.00.00 СБ  Вал в сборе,True,1,designation,quantity matches
85,58-59.GR.03.00.00.01,58-59.GR.03.00.00.01  Труба,"AISI 316 Нержавеющая сталь, лист (SS)",1,1,58-59.GR.03.00.00.01  Труба,False,1,designation,quantity matches
86,58-59.GR.03.01.00.00,58-59.GR.03.01.00.00 СБ  Вал,,1,1,58-59.GR.03.01.00.00 СБ  Вал,True,1,designation,quantity matches
87,58-59.GR.07.00.00.00,58-59.GR.07.00.00.00 СБ  Скребок в сборе,,1,1,58-59.GR.07.00.00.00 СБ  Скребок в сборе,True,1,designation,quantity matches
88,58-59.GR.07.00.00.01,58-59.GR.07.00.00.01  Нож,PE1000 Высокой плотности,1,1,58-59.GR.07.00.00.01  Нож,False,1,designation,quantity matches
89,58-59.GR.07.00.00.02,58-59.GR.07.00.00.02  Пластина прижимная,"AISI 316 Нержавеющая сталь, лист (SS)",2,1,58-59.GR.07.00.00.02  Пластина прижимная,False,2,designation,quantity matches
90,58-59.GR.07.01.00.00,58-59.GR.07.01.00.00 СБ  Скребок,,1,1,58-59.GR.07.01.00.00 СБ  Скребок,True,1,designation,quantity matches
91,58-59.GR.07.01.00.01,58-59.GR.07.01.00.01  Труба,"AISI 316 Нержавеющая сталь, лист (SS)",1,1,58-59.GR.07.01.00.01  Труба,False,1,designation,quantity matches
92,58-59.GR.07.01.00.04,58-59.GR.07.01.00.04  Пластина,"AISI 316 Нержавеющая сталь, лист (SS)",1,1,58-59.GR.07.01.00.04  Пластина,False,1,designation,quantity matches
93,58-59.GR.09.00.00.00,58-59.GR.09.00.00.00 СБ  Смотровая в сборе,,1,1,58-59.GR.09.00.00.00 СБ  Смотровая в сборе,True,1,designation,quantity matches
94,58-59.GR.09.00.00.01,58-59.GR.09.00.00.01  Щит,"AISI 316 Нержавеющая сталь, лист (SS)",1,1,58-59.GR.09.00.00.01  Щит,False,1,designation,quantity matches
95,58-59.GR.10.00.00.00,58-59.GR.10.00.00.00 СБ  Расческа,,1,1,58-59.GR.10.00.00.00 СБ  Расческа,True,1,designation,quantity matches
96,58-59.GR.10.01.00.00,58-59.GR.10.01.00.00  Уголок,"AISI 316 Нержавеющая сталь, лист (SS)",1,1,58-59.GR.10.01.00.00  Уголок,False,1,designation,quantity matches
97,58-59.GR.10.03.00.00,58-59.GR.10.03.00.00  Расческа,"AISI 316 Нержавеющая сталь, лист (SS)",1,1,58-59.GR.10.03.00.00  Расческа,False,1,designation,quantity matches
98,58-59.GR.11.00.00.00,58-59.GR.11.00.00.00 СБ  Козырек,,1,1,58-59.GR.11.00.00.00 СБ  Козырек,True,1,designation,quantity matches
99,58-59.GR.11.00.00.01,58-59.GR.11.00.00.01  Панель,"AISI 316 Нержавеющая сталь, лист (SS)",1,1,58-59.GR.11.00.00.01  Панель,False,1,designation,quantity matches
100,58-59.GR.11.00.00.03,58-59.GR.11.00.00.03  Лист,"AISI 316 Нержавеющая сталь, лист (SS)",1,1,58-59.GR.11.00.00.03  Лист,False,1,designation,quantity matches
101,58-59.GR.11.00.00.04,58-59.GR.11.00.00.04  Планка,"AISI 316 Нержавеющая сталь, лист (SS)",1,1,58-59.GR.11.00.00.04  Планка,False,1,designation,quantity matches
102,58-59.GR.12.00.00.00,58-59.GR.12.00.00.00 СБ  Труба натяжная,,1,1,58-59.GR.12.00.00.00 СБ  Труба натяжная,True,1,designation,quantity matches
103,58-59.GR.12.00.00.01,58-59.GR.12.00.00.01  Проф труба,"AISI 316 Нержавеющая сталь, лист (SS)",1,1,58-59.GR.12.00.00.01  Проф труба,False,1,designation,quantity matches
104,58-59.GR.12.00.00.01-01,58-59.GR.12.00.00.01-01 СБ  Проф труба,"AISI 316 Нержавеющая сталь, лист (SS)",1,1,58-59.GR.12.00.00.01-01 СБ  Проф труба,False,1,designation,quantity matches
105,58.GR.00.00.00.02,58.GR.00.00.00.02  Ламель,"AISI 316 Нержавеющая сталь, лист (SS)",33,1,58.GR.00.00.00.02  Ламель,False,33,designation,quantity matches
106,58.GR.00.00.00.03,58.GR.00.00.00.03  Планка прижимная,"AISI 316 Нержавеющая сталь, лист (SS)",2,1,58.GR.00.00.00.03  Планка прижимная,False,2,designation,quantity matches
107,58.GR.00.00.00.04,58.GR.00.00.00.04  ТМКЩ,ТМКЩ-С ГОСТ 7338-90,2,1,58.GR.00.00.00.04  ТМКЩ,False,2,designation,quantity matches
108,58.GR.01.00.00.00,58.GR.01.00.00.00 СБ  Рама,,1,1,58.GR.01.00.00.00 СБ  Рама,True,1,designation,quantity matches
109,58.GR.01.00.00.06,58.GR.01.00.00.06  Направляющая,PE1000 Высокой плотности,1,2,58.GR.01.00.00.06  Направляющая | 58.GR.01.00.00.06  Направляющая,False | False,1 | 1,designation,ambiguous multiple STEP products
110,58.GR.01.00.00.06,58.GR.01.00.00.06  Направляющая,PE1000 Высокой плотности,1,2,58.GR.01.00.00.06  Направляющая | 58.GR.01.00.00.06  Направляющая,False | False,1 | 1,designation,ambiguous multiple STEP products
111,58.GR.01.00.00.07,58.GR.01.00.00.07  Подложка,PE1000 Высокой плотности,1,1,58.GR.01.00.00.07  Подложка,False,1,designation,quantity matches
112,58.GR.01.00.00.07-01,58.GR.01.00.00.07-01  Подложка,PE1000 Высокой плотности,1,1,58.GR.01.00.00.07-01  Подложка,False,1,designation,quantity matches
113,58.GR.01.01.00.00,58.GR.01.01.00.00 СБ  Боковина,,1,1,58.GR.01.01.00.00 СБ  Боковина,True,1,designation,quantity matches
114,58.GR.01.01.00.00-01,58.GR.01.01.00.00-01 СБ  Боковина,,1,1,58.GR.01.01.00.00-01 СБ  Боковина,True,1,designation,quantity matches
115,58.GR.01.01.01.00,58.GR.01.01.01.00 СБ  Профиль боковой,,1,1,58.GR.01.01.01.00 СБ  Профиль боковой,True,1,designation,quantity matches
116,58.GR.01.01.01.01,58.GR.01.01.01.01  Профиль верхний,"AISI 316 Нержавеющая сталь, лист (SS)",1,1,58.GR.01.01.01.01  Профиль верхний,False,1,designation,quantity matches
117,58.GR.01.01.01.02,58.GR.01.01.01.02  Профиль нижний,"AISI 316 Нержавеющая сталь, лист (SS)",1,1,58.GR.01.01.01.02  Профиль нижний,False,1,designation,quantity matches
118,58.GR.01.01.02.00,58.GR.01.01.02.00 СБ  Профиль средний,,2,1,58.GR.01.01.02.00 СБ  Профиль средний,True,2,designation,quantity matches
119,58.GR.01.01.02.01,58.GR.01.01.02.01  Профиль средний,"AISI 316 Нержавеющая сталь, лист (SS)",2,1,58.GR.01.01.02.01  Профиль средний,False,2,designation,quantity matches
120,58.GR.01.01.02.01-01,58.GR.01.01.02.01-01  Профиль средний,"AISI 316 Нержавеющая сталь, лист (SS)",2,1,58.GR.01.01.02.01-01  Профиль средний,False,2,designation,quantity matches
121,58.GR.01.01.01.00-01,58.GR.01.01.01.00-01 СБ 'Профиль боковой',,1,1,58.GR.01.01.01.00-01 СБ  Профиль боковой,True,1,designation,quantity matches
122,58.GR.01.01.01.01-01,58.GR.01.01.01.01-01 'Профиль верхний',"AISI 316 Нержавеющая сталь, лист (SS)",1,1,58.GR.01.01.01.01-01  Профиль верхний,False,1,designation,quantity matches
123,58.GR.01.01.01.02-01,58.GR.01.01.01.02-01 'Профиль нижний',"AISI 316 Нержавеющая сталь, лист (SS)",1,1,58.GR.01.01.01.02-01  Профиль нижний,False,1,designation,quantity matches
135,,Болт М12х150 DIN 933 ОЦ,Сталь 20 ГОСТ 535-88,4,1,Болт М12х150 DIN 933 ОЦ,False,4,normalized name,quantity matches
136,,Винт M12х30 DIN 7984 А4,"AISI 316 Нержавеющая сталь, лист (SS)",8,1,Винт M12х30 DIN 7984 А4,False,8,normalized name,quantity matches
137,,Винт М10х16 DIN 7984 А4,"AISI 316 Нержавеющая сталь, лист (SS)",6,1,Винт М10х16 DIN 7984 А4,False,6,normalized name,quantity matches
138,,Винт М10х40 DIN 7984 А4,"AISI 316 Нержавеющая сталь, лист (SS)",5,1,Винт М10х40 DIN 7984 А4,False,5,normalized name,quantity matches
139,,Винт М10х45 DIN 7984 А4,"AISI 316 Нержавеющая сталь, лист (SS)",8,1,Винт М10х45 DIN 7984 А4,False,8,normalized name,quantity matches
140,,Винт М10х60 DIN 7984 А4,"AISI 316 Нержавеющая сталь, лист (SS)",6,1,Винт М10х60 DIN 7984 А4,False,6,normalized name,quantity matches
141,,Винт М12х20 DIN 7984 А4,"AISI 316 Нержавеющая сталь, лист (SS)",4,1,Винт М12х20 DIN 7984 А4,False,4,normalized name,quantity matches
142,,Винт М12х30 DIN 7984 А4,"AISI 316 Нержавеющая сталь, лист (SS)",12,1,Винт М12х30 DIN 7984 А4,False,12,normalized name,quantity matches
143,,Винт М12х60 DIN 7984 A4,"AISI 316 Нержавеющая сталь, лист (SS)",6,1,Винт М12х60 DIN 7984 A4,False,6,normalized name,quantity matches
144,,Винт М16х155 DIN 7984 ОЦ,Сталь 20 ГОСТ 535-88,3,1,Винт М16х155 DIN 7984 ОЦ,False,3,normalized name,quantity matches
145,,Винт М6х16 DIN 7991 A4,"AISI 316 Нержавеющая сталь, лист (SS)",8,1,Винт М6х16 DIN 7991 A4,False,8,normalized name,quantity matches
146,,Винт М6х20 DIN 7984 А4,"AISI 316 Нержавеющая сталь, лист (SS)",4,1,Винт М6х20 DIN 7984 А4,False,4,normalized name,quantity matches
147,,Винт М6х45 DIN 7991 А4,"AISI 316 Нержавеющая сталь, лист (SS)",14,1,Винт М6х45 DIN 7991 А4,False,14,normalized name,quantity matches
148,,Винт М8х20 DIN 7984 A4,"AISI 316 Нержавеющая сталь, лист (SS)",19,1,Винт М8х20 DIN 7984 A4,False,19,normalized name,quantity matches
149,,Винт М8х27 DIN 7984 А4,"AISI 316 Нержавеющая сталь, лист (SS)",4,1,Винт М8х27 DIN 7984 А4,False,4,normalized name,quantity matches
150,,Винт М8х30 DIN 7991 А4,"AISI 316 Нержавеющая сталь, лист (SS)",6,1,Винт М8х30 DIN 7991 А4,False,6,normalized name,quantity matches
151,,Винт М8х35 DIN 7991 А4,"AISI 316 Нержавеющая сталь, лист (SS)",12,1,Винт М8х35 DIN 7991 А4,False,12,normalized name,quantity matches
152,,Винт М8х45 DIN 7991 А4,"AISI 316 Нержавеющая сталь, лист (SS)",8,1,Винт М8х45 DIN 7991 А4,False,8,normalized name,quantity matches
153,,Гайка М10 DIN 934 А4,"AISI 316 Нержавеющая сталь, лист (SS)",18,1,Гайка М10 DIN 934 А4,False,18,normalized name,quantity matches
154,,Гайка М12 DIN 6923 А4,"AISI 316 Нержавеющая сталь, лист (SS)",12,1,Гайка М12 DIN 6923 А4,False,12,normalized name,quantity matches
155,,Гайка М12 DIN 6923 ОЦ,Сталь 20 ГОСТ 535-88,4,1,Гайка М12 DIN 6923 ОЦ,False,4,normalized name,quantity matches
156,,Гайка М12 DIN 934 А4,"AISI 316 Нержавеющая сталь, лист (SS)",6,1,Гайка М12 DIN 934 А4,False,6,normalized name,quantity matches
157,,Гайка М16 DIN 6923 ОЦ,Сталь 20 ГОСТ 535-88,10,1,Гайка М16 DIN 6923 ОЦ,False,10,normalized name,quantity matches
158,,Гайка М6 DIN 934 А4,"AISI 316 Нержавеющая сталь, лист (SS)",14,1,Гайка М6 DIN 934 А4,False,14,normalized name,quantity matches
159,,Гайка М8 DIN 6923 A4,"AISI 316 Нержавеющая сталь, лист (SS)",12,1,Гайка М8 DIN 6923 A4,False,12,normalized name,quantity matches
160,,Гайка М8 DIN934 А4,"AISI 316 Нержавеющая сталь, лист (SS)",14,1,Гайка М8 DIN934 А4,False,14,normalized name,quantity matches
161,,Гайка М8 ГОСТ 5916-70 А4,"AISI 316 Нержавеющая сталь, лист (SS)",4,1,Гайка М8 ГОСТ 5916-70 А4,False,4,normalized name,quantity matches
162,,Гайка барашек М8 DIN-314 A4,"AISI 316 Нержавеющая сталь, лист (SS)",8,1,Гайка барашек М8 DIN-314 A4,False,8,normalized name,quantity matches
163,,Заглушка,PE1000 Высокой плотности,6,1,Заглушка,False,6,normalized name,quantity matches
164,,Звезда HP38.1F10 z=16,"AISI 316 Нержавеющая сталь, лист (SS)",2,1,Звезда HP38.1F10 z=16,False,2,normalized name,quantity matches
165,,Звено 1 HP38.1F10,AISI 304,1,1,Звено 1 HP38.1F10,False,126,normalized name,quantity differs
166,,Звено 2 HP38.1F10,AISI 304,1,1,Звено 2 HP38.1F10,False,126,normalized name,quantity differs
167,,Звено 4х21 А2 нерж.,AISI 304,24,1,Звено 4х21 А2 нерж.,False,24,normalized name,quantity matches
168,,Кольцо стопорное D80 DIN 472,Сталь 45 ГОСТ 1050-88,1,1,Кольцо стопорное D80 DIN 472,False,1,normalized name,quantity matches
169,,"Кольцо-стопорное-наружное-ГОСТ-13942-86-DIN-471 Вал 
10мм 36НХТЮ",Сталь 65Г ГОСТ 14959-79,4,1,Кольцо-стопорное-наружное-ГОСТ-13942-86-DIN-471 Вал 10мм 36НХТЮ,False,4,normalized name,quantity matches
170,,"Мотор-редуктор PCRV090.130-121-7.4-1,1кВт-6P-380-50",Чугун,1,1,"Мотор-редуктор PCRV090.130-121-7.4-1,1кВт-6P-380-50",False,1,normalized name,quantity matches
171,,Подшипник 208 2Z,,1,1,Подшипник 208 2Z,True,1,normalized name,quantity matches
172,,Подшипник UCF 308,,1,1,Подшипник UCF 308,True,1,normalized name,quantity matches
173,,Подшипник UCP 204,,2,1,Подшипник UCP 204,True,2,normalized name,quantity matches
174,,Ручка скоба с втулками пластиковая,ABS,2,1,Ручка скоба с втулками пластиковая,False,2,normalized name,quantity matches
175,,Шaйба М12 DIN 125 А4,"AISI 316 Нержавеющая сталь, лист (SS)",12,1,Шaйба М12 DIN 125 А4,False,12,normalized name,quantity matches
176,,Шайба М10 DIN 125 А4,"AISI 316 Нержавеющая сталь, лист (SS)",32,1,Шайба М10 DIN 125 А4,False,32,normalized name,quantity matches
177,,Шайба М10 DIN 127 А4,"AISI 316 Нержавеющая сталь, лист (SS)",16,1,Шайба М10 DIN 127 А4,False,16,normalized name,quantity matches
178,,Шайба М12 DIN 125 А4,"AISI 316 Нержавеющая сталь, лист (SS)",18,1,Шайба М12 DIN 125 А4,False,18,normalized name,quantity matches
179,,Шайба М12 DIN 125 ОЦ,Сталь 20 ГОСТ 535-88,4,1,Шайба М12 DIN 125 ОЦ,False,4,normalized name,quantity matches
180,,Шайба М8 DIN 125 А4,"AISI 316 Нержавеющая сталь, лист (SS)",1,2,Шайба М8 DIN125 А4 | Шайба М8 DIN 125 А4,False | False,14 | 1,normalized name,ambiguous multiple STEP products
181,,Шайба М8 DIN125 А4,"AISI 316 Нержавеющая сталь, лист (SS)",14,2,Шайба М8 DIN125 А4 | Шайба М8 DIN 125 А4,False | False,14 | 1,normalized name,ambiguous multiple STEP products
182,,Шайба гроверная М8 DIN127 А4,"AISI 316 Нержавеющая сталь, лист (SS)",14,1,Шайба гроверная М8 DIN127 А4,False,14,normalized name,quantity matches
183,,Шайба увеличенная М10 D68 А4,"AISI 316 Нержавеющая сталь, лист (SS)",1,1,Шайба увеличенная М10 D68 А4,False,1,normalized name,quantity matches
184,,Шайба увеличенная М8 D30 A4,"AISI 316 Нержавеющая сталь, лист (SS)",4,1,Шайба увеличенная М8 D30 A4,False,4,normalized name,quantity matches
185,,Шайба увеличенная М8 D50 А4,"AISI 316 Нержавеющая сталь, лист (SS)",1,1,Шайба увеличенная М8 D50 А4,False,1,normalized name,quantity matches
186,,Шпилька М8x20 DIN 975 А4,"AISI 316 Нержавеющая сталь, лист (SS)",8,1,Шпилька М8x20 DIN 975 А4,False,8,normalized name,quantity matches
187,,Шпонка 8х10х50,,1,1,Шпонка 8х10х50,False,1,normalized name,quantity matches
188,,Шпонка 9х14х150,,1,1,Шпонка 9х14х150,False,1,normalized name,quantity matches
189,,Шпонка 9х14х60,,1,1,Шпонка 9х14х60,False,1,normalized name,quantity matches
