"Позиция","Обозначение","Наименование","Документ","Статус","Основание","Примечание"
"1","00.GR.01.00.00.09","00.GR.01.00.00.09  Направляющая нижняя","Чертёж детали","ТРЕБУЕТСЯ, БЛОКИРОВАН","Индивидуальное обозначение в BOM; геометрия, материал и размеры требуют проверки","Повторное обозначение; отдельность чертежа не установлена"
"2","00.GR.01.00.00.09","00.GR.01.00.00.09  Направляющая нижняя","Чертёж детали","ТРЕБУЕТСЯ, БЛОКИРОВАН","Индивидуальное обозначение в BOM; геометрия, материал и размеры требуют проверки","Повторное обозначение; отдельность чертежа не установлена"
"3","00.GR.01.00.00.10","00.GR.01.00.00.10  Накладка","Чертёж детали","ТРЕБУЕТСЯ, БЛОКИРОВАН","Индивидуальное обозначение в BOM; геометрия, материал и размеры требуют проверки",""
"4","00.GR.01.00.00.11","00.GR.01.00.00.11  Подложка верхняя","Чертёж детали","ТРЕБУЕТСЯ, БЛОКИРОВАН","Индивидуальное обозначение в BOM; геометрия, материал и размеры требуют проверки",""
"5","00.GR.01.00.00.12","00.GR.01.00.00.12  Направляющая верхняя","Чертёж детали","ТРЕБУЕТСЯ, БЛОКИРОВАН","Индивидуальное обозначение в BOM; геометрия, материал и размеры требуют проверки",""
"6","00.GR.01.01.00.02","00.GR.01.01.00.02  Заслонка","Чертёж детали","ТРЕБУЕТСЯ, БЛОКИРОВАН","Индивидуальное обозначение в BOM; геометрия, материал и размеры требуют проверки",""
"7","00.GR.01.01.00.03","00.GR.01.01.00.03  Палец натяжителя","Чертёж детали","ТРЕБУЕТСЯ, БЛОКИРОВАН","Индивидуальное обозначение в BOM; геометрия, материал и размеры требуют проверки",""
"8","00.GR.01.01.00.03-01","00.GR.01.01.00.03-01  Палец натяжителя","Чертёж детали","ТРЕБУЕТСЯ, БЛОКИРОВАН","Индивидуальное обозначение в BOM; геометрия, материал и размеры требуют проверки",""
"9","00.GR.01.01.00.06","00.GR.01.01.00.06  Ухо","Чертёж детали","ТРЕБУЕТСЯ, БЛОКИРОВАН","Индивидуальное обозначение в BOM; геометрия, материал и размеры требуют проверки",""
"10","00.GR.01.01.02.02","00.GR.01.01.02.02  Заглушка","Чертёж детали","ТРЕБУЕТСЯ, БЛОКИРОВАН","Индивидуальное обозначение в BOM; геометрия, материал и размеры требуют проверки",""
"11","00.GR.01.01.03.00","00.GR.01.01.03.00 СБ  Основа опоры","Сборочный чертёж","ТРЕБУЕТСЯ, БЛОКИРОВАН","BOM: СБ; состав и геометрия требуют проверки в CAD",""
"11","00.GR.01.01.03.00","00.GR.01.01.03.00 СБ  Основа опоры","Спецификация сборочной единицы","ТРЕБУЕТСЯ, БЛОКИРОВАН","BOM: СБ; состав и геометрия требуют проверки в CAD",""
"12","00.GR.01.01.03.01","00.GR.01.01.03.01  Пластина","Чертёж детали","ТРЕБУЕТСЯ, БЛОКИРОВАН","Индивидуальное обозначение в BOM; геометрия, материал и размеры требуют проверки",""
"13","00.GR.01.01.03.02","00.GR.01.01.03.02  Труба опорная","Чертёж детали","ТРЕБУЕТСЯ, БЛОКИРОВАН","Индивидуальное обозначение в BOM; геометрия, материал и размеры требуют проверки",""
"14","00.GR.01.01.03.03","00.GR.01.01.03.03  Косынка","Чертёж детали","ТРЕБУЕТСЯ, БЛОКИРОВАН","Индивидуальное обозначение в BOM; геометрия, материал и размеры требуют проверки",""
"15","00.GR.01.01.03.04","00.GR.01.01.03.04  Кольцо","Чертёж детали","ТРЕБУЕТСЯ, БЛОКИРОВАН","Индивидуальное обозначение в BOM; геометрия, материал и размеры требуют проверки",""
"16","00.GR.01.01.03.05","00.GR.01.01.03.05  Заглушка","Чертёж детали","ТРЕБУЕТСЯ, БЛОКИРОВАН","Индивидуальное обозначение в BOM; геометрия, материал и размеры требуют проверки",""
"17","00.GR.01.02.00.02","00.GR.01.02.00.02  Заглушка","Чертёж детали","ТРЕБУЕТСЯ, БЛОКИРОВАН","Индивидуальное обозначение в BOM; геометрия, материал и размеры требуют проверки",""
"18","00.GR.03.00.00.02","00.GR.03.00.00.02  Вал приводной","Чертёж детали","ТРЕБУЕТСЯ, БЛОКИРОВАН","Индивидуальное обозначение в BOM; геометрия, материал и размеры требуют проверки",""
"19","00.GR.03.00.00.03","00.GR.03.00.00.03  Вал","Чертёж детали","ТРЕБУЕТСЯ, БЛОКИРОВАН","Индивидуальное обозначение в BOM; геометрия, материал и размеры требуют проверки",""
"20","00.GR.03.00.00.04","00.GR.03.00.00.04  Фланец под звезду","Чертёж детали","ТРЕБУЕТСЯ, БЛОКИРОВАН","Индивидуальное обозначение в BOM; геометрия, материал и размеры требуют проверки",""
"21","00.GR.04.02.00.04-130-01","00.GR.04.02.00.04-130-01  Труба D168,3x3","Чертёж детали","ТРЕБУЕТСЯ, БЛОКИРОВАН","Индивидуальное обозначение в BOM; геометрия, материал и размеры требуют проверки",""
"22","00.GR.04.00.00.00","00.GR.04.00.00.00 СБ  Опора редуктора в сборе","Сборочный чертёж","ТРЕБУЕТСЯ, БЛОКИРОВАН","BOM: СБ; состав и геометрия требуют проверки в CAD",""
"22","00.GR.04.00.00.00","00.GR.04.00.00.00 СБ  Опора редуктора в сборе","Спецификация сборочной единицы","ТРЕБУЕТСЯ, БЛОКИРОВАН","BOM: СБ; состав и геометрия требуют проверки в CAD",""
"23","00.GR.04.01.00.00","00.GR.04.01.00.00 СБ  Опора редуктора","Сборочный чертёж","ТРЕБУЕТСЯ, БЛОКИРОВАН","BOM: СБ; состав и геометрия требуют проверки в CAD",""
"23","00.GR.04.01.00.00","00.GR.04.01.00.00 СБ  Опора редуктора","Спецификация сборочной единицы","ТРЕБУЕТСЯ, БЛОКИРОВАН","BOM: СБ; состав и геометрия требуют проверки в CAD",""
"24","00.GR.04.01.00.01","00.GR.04.01.00.01  Пластина","Чертёж детали","ТРЕБУЕТСЯ, БЛОКИРОВАН","Индивидуальное обозначение в BOM; геометрия, материал и размеры требуют проверки",""
"25","00.GR.04.01.00.02","00.GR.04.01.00.02  Обойма","Чертёж детали","ТРЕБУЕТСЯ, БЛОКИРОВАН","Индивидуальное обозначение в BOM; геометрия, материал и размеры требуют проверки",""
"26","00.GR.04.01.00.03","00.GR.04.01.00.03  Упор","Чертёж детали","ТРЕБУЕТСЯ, БЛОКИРОВАН","Индивидуальное обозначение в BOM; геометрия, материал и размеры требуют проверки",""
"27","00.GR.04.01.00.04","00.GR.04.01.00.04  Ребро","Чертёж детали","ТРЕБУЕТСЯ, БЛОКИРОВАН","Индивидуальное обозначение в BOM; геометрия, материал и размеры требуют проверки",""
"28","00.GR.04.01.00.05","00.GR.04.01.00.05  Втулка","Чертёж детали","ТРЕБУЕТСЯ, БЛОКИРОВАН","Индивидуальное обозначение в BOM; геометрия, материал и размеры требуют проверки",""
"29","00.GR.04.02.00.00-130","00.GR.04.02.00.00-130 СБ  Стакан","Сборочный чертёж","ТРЕБУЕТСЯ, БЛОКИРОВАН","BOM: СБ; состав и геометрия требуют проверки в CAD",""
"29","00.GR.04.02.00.00-130","00.GR.04.02.00.00-130 СБ  Стакан","Спецификация сборочной единицы","ТРЕБУЕТСЯ, БЛОКИРОВАН","BOM: СБ; состав и геометрия требуют проверки в CAD",""
"30","00.GR.04.02.00.01","00.GR.04.02.00.01  Фланец","Чертёж детали","ТРЕБУЕТСЯ, БЛОКИРОВАН","Индивидуальное обозначение в BOM; геометрия, материал и размеры требуют проверки",""
"31","00.GR.04.02.00.02-130","00.GR.04.02.00.02-130  Косынка","Чертёж детали","ТРЕБУЕТСЯ, БЛОКИРОВАН","Индивидуальное обозначение в BOM; геометрия, материал и размеры требуют проверки",""
"32","00.GR.04.02.00.03","00.GR.04.02.00.03  Фланец редуктора pcrv 090-130","Чертёж детали","ТРЕБУЕТСЯ, БЛОКИРОВАН","Индивидуальное обозначение в BOM; геометрия, материал и размеры требуют проверки",""
"33","00.GR.04.02.00.05-130","00.GR.04.02.00.05-130  Вставка в трубу","Чертёж детали","ТРЕБУЕТСЯ, БЛОКИРОВАН","Индивидуальное обозначение в BOM; геометрия, материал и размеры требуют проверки",""
"34","00.GR.05.00.00.00","00.GR.05.00.00.00 СБ  Опора вала в сборе","Сборочный чертёж","ТРЕБУЕТСЯ, БЛОКИРОВАН","BOM: СБ; состав и геометрия требуют проверки в CAD",""
"34","00.GR.05.00.00.00","00.GR.05.00.00.00 СБ  Опора вала в сборе","Спецификация сборочной единицы","ТРЕБУЕТСЯ, БЛОКИРОВАН","BOM: СБ; состав и геометрия требуют проверки в CAD",""
"35","00.GR.05.01.00.00","00.GR.05.01.00.00 СБ  Опора вала","Сборочный чертёж","ТРЕБУЕТСЯ, БЛОКИРОВАН","BOM: СБ; состав и геометрия требуют проверки в CAD",""
"35","00.GR.05.01.00.00","00.GR.05.01.00.00 СБ  Опора вала","Спецификация сборочной единицы","ТРЕБУЕТСЯ, БЛОКИРОВАН","BOM: СБ; состав и геометрия требуют проверки в CAD",""
"36","00.GR.05.01.00.01","00.GR.05.01.00.01  Пластина","Чертёж детали","ТРЕБУЕТСЯ, БЛОКИРОВАН","Индивидуальное обозначение в BOM; геометрия, материал и размеры требуют проверки",""
"37","00.GR.05.01.00.02","00.GR.05.01.00.02  Втулка","Чертёж детали","ТРЕБУЕТСЯ, БЛОКИРОВАН","Индивидуальное обозначение в BOM; геометрия, материал и размеры требуют проверки",""
"38","00.GR.06.00.00.00","00.GR.06.00.00.00 СБ  Натяжитель","Сборочный чертёж","ТРЕБУЕТСЯ, БЛОКИРОВАН","BOM: СБ; состав и геометрия требуют проверки в CAD",""
"38","00.GR.06.00.00.00","00.GR.06.00.00.00 СБ  Натяжитель","Спецификация сборочной единицы","ТРЕБУЕТСЯ, БЛОКИРОВАН","BOM: СБ; состав и геометрия требуют проверки в CAD",""
"39","00.GR.06.00.00.01","00.GR.06.00.00.01  Уголок","Чертёж детали","ТРЕБУЕТСЯ, БЛОКИРОВАН","Индивидуальное обозначение в BOM; геометрия, материал и размеры требуют проверки",""
"40","00.GR.06.00.00.02","00.GR.06.00.00.02  Ребро","Чертёж детали","ТРЕБУЕТСЯ, БЛОКИРОВАН","Индивидуальное обозначение в BOM; геометрия, материал и размеры требуют проверки",""
"41","00.GR.06.00.00.03","00.GR.06.00.00.03  Усиление","Чертёж детали","ТРЕБУЕТСЯ, БЛОКИРОВАН","Индивидуальное обозначение в BOM; геометрия, материал и размеры требуют проверки",""
"42","00.GR.07.01.00.02","00.GR.07.01.00.02  Втулка","Чертёж детали","ТРЕБУЕТСЯ, БЛОКИРОВАН","Индивидуальное обозначение в BOM; геометрия, материал и размеры требуют проверки",""
"43","00.GR.07.01.00.03","00.GR.07.01.00.03  Ребро","Чертёж детали","ТРЕБУЕТСЯ, БЛОКИРОВАН","Индивидуальное обозначение в BOM; геометрия, материал и размеры требуют проверки",""
"44","00.GR.07.01.00.05","00.GR.07.01.00.05  Подложка 1","Чертёж детали","ТРЕБУЕТСЯ, БЛОКИРОВАН","Индивидуальное обозначение в BOM; геометрия, материал и размеры требуют проверки",""
"45","00.GR.07.01.00.06","00.GR.07.01.00.06  Подложка 2","Чертёж детали","ТРЕБУЕТСЯ, БЛОКИРОВАН","Индивидуальное обозначение в BOM; геометрия, материал и размеры требуют проверки",""
"46","00.GR.07.01.00.07","00.GR.07.01.00.07  Подложка 3","Чертёж детали","ТРЕБУЕТСЯ, БЛОКИРОВАН","Индивидуальное обозначение в BOM; геометрия, материал и размеры требуют проверки",""
"47","00.GR.07.01.00.08","00.GR.07.01.00.08  Подложка гнутая","Чертёж детали","ТРЕБУЕТСЯ, БЛОКИРОВАН","Индивидуальное обозначение в BOM; геометрия, материал и размеры требуют проверки",""
"48","00.GR.08.00.00.00","00.GR.08.00.00.00 СБ  Опора","Сборочный чертёж","ТРЕБУЕТСЯ, БЛОКИРОВАН","BOM: СБ; состав и геометрия требуют проверки в CAD",""
"48","00.GR.08.00.00.00","00.GR.08.00.00.00 СБ  Опора","Спецификация сборочной единицы","ТРЕБУЕТСЯ, БЛОКИРОВАН","BOM: СБ; состав и геометрия требуют проверки в CAD",""
"49","00.GR.08.00.00.04","00.GR.08.00.00.04  Швеллер 10П","Чертёж детали","ТРЕБУЕТСЯ, БЛОКИРОВАН","Индивидуальное обозначение в BOM; геометрия, материал и размеры требуют проверки",""
"50","00.GR.08.01.00.00","00.GR.08.01.00.00 СБ  Основной швеллер","Сборочный чертёж","ТРЕБУЕТСЯ, БЛОКИРОВАН","BOM: СБ; состав и геометрия требуют проверки в CAD",""
"50","00.GR.08.01.00.00","00.GR.08.01.00.00 СБ  Основной швеллер","Спецификация сборочной единицы","ТРЕБУЕТСЯ, БЛОКИРОВАН","BOM: СБ; состав и геометрия требуют проверки в CAD",""
"51","00.GR.08.01.00.01","00.GR.08.01.00.01  Швеллер 12П","Чертёж детали","ТРЕБУЕТСЯ, БЛОКИРОВАН","Индивидуальное обозначение в BOM; геометрия, материал и размеры требуют проверки",""
"52","00.GR.08.01.00.02","00.GR.08.01.00.02  Пятка","Чертёж детали","ТРЕБУЕТСЯ, БЛОКИРОВАН","Индивидуальное обозначение в BOM; геометрия, материал и размеры требуют проверки",""
"53","00.GR.08.01.00.03","00.GR.08.01.00.03  Косынка","Чертёж детали","ТРЕБУЕТСЯ, БЛОКИРОВАН","Индивидуальное обозначение в BOM; геометрия, материал и размеры требуют проверки",""
"54","00.GR.10.02.00.00","00.GR.10.02.00.00  Торец","Чертёж детали","ТРЕБУЕТСЯ, БЛОКИРОВАН","Индивидуальное обозначение в BOM; геометрия, материал и размеры требуют проверки",""
"55","00.GR.10.04.00.00","00.GR.10.04.00.00  Втулка","Чертёж детали","ТРЕБУЕТСЯ, БЛОКИРОВАН","Индивидуальное обозначение в BOM; геометрия, материал и размеры требуют проверки",""
"56","00.GR.11.00.00.02","00.GR.11.00.00.02  Ребро","Чертёж детали","ТРЕБУЕТСЯ, БЛОКИРОВАН","Индивидуальное обозначение в BOM; геометрия, материал и размеры требуют проверки",""
"57","00.GR.12.00.00.02","00.GR.12.00.00.02  Втулка вварная","Чертёж детали","ТРЕБУЕТСЯ, БЛОКИРОВАН","Индивидуальное обозначение в BOM; геометрия, материал и размеры требуют проверки",""
"58","00.GR.12.00.00.02-01","00.GR.12.00.00.02-01 СБ  Втулка вварная","Сборочный чертёж","ТРЕБУЕТСЯ, БЛОКИРОВАН","BOM: СБ; состав и геометрия требуют проверки в CAD","В STEP нет дочерних связей"
"58","00.GR.12.00.00.02-01","00.GR.12.00.00.02-01 СБ  Втулка вварная","Спецификация сборочной единицы","ТРЕБУЕТСЯ, БЛОКИРОВАН","BOM: СБ; состав и геометрия требуют проверки в CAD","В STEP нет дочерних связей"
"59","00.GR.12.00.00.03","00.GR.12.00.00.03  Труба плоскоовальная","Чертёж детали","ТРЕБУЕТСЯ, БЛОКИРОВАН","Индивидуальное обозначение в BOM; геометрия, материал и размеры требуют проверки",""
"60","00.GR.12.00.00.04","00.GR.12.00.00.04  Заглушка","Чертёж детали","ТРЕБУЕТСЯ, БЛОКИРОВАН","Индивидуальное обозначение в BOM; геометрия, материал и размеры требуют проверки",""
"61","00.GR.12.02.00.00-130","00.GR.12.02.00.00-130  Вал редуктора","Чертёж детали","ТРЕБУЕТСЯ, БЛОКИРОВАН","Индивидуальное обозначение в BOM; геометрия, материал и размеры требуют проверки",""
"62","00.GR.12.05.00.00-01","00.GR.12.05.00.00-01  Палец цепи","Чертёж детали","ТРЕБУЕТСЯ, БЛОКИРОВАН","Индивидуальное обозначение в BOM; геометрия, материал и размеры требуют проверки",""
"63","00.GR.12.06.00.00","00.GR.12.06.00.00  Шпилька (УПОРНАЯ РЕЗЬБА S34х5)","Чертёж детали","ТРЕБУЕТСЯ, БЛОКИРОВАН","Индивидуальное обозначение в BOM; геометрия, материал и размеры требуют проверки",""
"64","00.GR.13.00.00.00","00.GR.13.00.00.00 СБ  Муфта малая","Сборочный чертёж","ТРЕБУЕТСЯ, БЛОКИРОВАН","BOM: СБ; состав и геометрия требуют проверки в CAD",""
"64","00.GR.13.00.00.00","00.GR.13.00.00.00 СБ  Муфта малая","Спецификация сборочной единицы","ТРЕБУЕТСЯ, БЛОКИРОВАН","BOM: СБ; состав и геометрия требуют проверки в CAD",""
"65","00.GR.13.00.00.01","00.GR.13.00.00.01  Втулка муфты малая","Чертёж детали","ТРЕБУЕТСЯ, БЛОКИРОВАН","Индивидуальное обозначение в BOM; геометрия, материал и размеры требуют проверки",""
"66","00.GR.13.00.00.02","00.GR.13.00.00.02  Фланец муфты малой","Чертёж детали","ТРЕБУЕТСЯ, БЛОКИРОВАН","Индивидуальное обозначение в BOM; геометрия, материал и размеры требуют проверки",""
"67","00.GR.14.00.00.00","00.GR.14.00.00.00 СБ  Муфта большая","Сборочный чертёж","ТРЕБУЕТСЯ, БЛОКИРОВАН","BOM: СБ; состав и геометрия требуют проверки в CAD",""
"67","00.GR.14.00.00.00","00.GR.14.00.00.00 СБ  Муфта большая","Спецификация сборочной единицы","ТРЕБУЕТСЯ, БЛОКИРОВАН","BOM: СБ; состав и геометрия требуют проверки в CAD",""
"68","00.GR.14.00.00.01","00.GR.14.00.00.01  Втулка муфты большая","Чертёж детали","ТРЕБУЕТСЯ, БЛОКИРОВАН","Индивидуальное обозначение в BOM; геометрия, материал и размеры требуют проверки",""
"69","00.GR.14.00.00.02","00.GR.14.00.00.02  Фланец муфты большой","Чертёж детали","ТРЕБУЕТСЯ, БЛОКИРОВАН","Индивидуальное обозначение в BOM; геометрия, материал и размеры требуют проверки",""
"70","00.GR.15.00.00.00","00.GR.15.00.00.00 СБ  Кронштейн","Сборочный чертёж","ТРЕБУЕТСЯ, БЛОКИРОВАН","BOM: СБ; состав и геометрия требуют проверки в CAD",""
"70","00.GR.15.00.00.00","00.GR.15.00.00.00 СБ  Кронштейн","Спецификация сборочной единицы","ТРЕБУЕТСЯ, БЛОКИРОВАН","BOM: СБ; состав и геометрия требуют проверки в CAD",""
"71","00.GR.15.00.00.01","00.GR.15.00.00.01  Основание под Крюк","Чертёж детали","ТРЕБУЕТСЯ, БЛОКИРОВАН","Индивидуальное обозначение в BOM; геометрия, материал и размеры требуют проверки",""
"72","00.GR.15.00.00.02","00.GR.15.00.00.02  Крюк","Чертёж детали","ТРЕБУЕТСЯ, БЛОКИРОВАН","Индивидуальное обозначение в BOM; геометрия, материал и размеры требуют проверки",""
"73","00.GR.21.00.00.00","00.GR.21.00.00.00  Гайка S34х5 Упорная резьба","Чертёж детали","ТРЕБУЕТСЯ, БЛОКИРОВАН","Индивидуальное обозначение в BOM; геометрия, материал и размеры требуют проверки",""
"74","58-59.GR.00.00.00.01","58-59.GR.00.00.00.01  Крышка","Чертёж детали","ТРЕБУЕТСЯ, БЛОКИРОВАН","Индивидуальное обозначение в BOM; геометрия, материал и размеры требуют проверки",""
"75","58-59.GR.01.00.00.01","58-59.GR.01.00.00.01  Пол","Чертёж детали","ТРЕБУЕТСЯ, БЛОКИРОВАН","Индивидуальное обозначение в BOM; геометрия, материал и размеры требуют проверки",""
"76","58-59.GR.01.00.00.02","58-59.GR.01.00.00.02  Уголок","Чертёж детали","ТРЕБУЕТСЯ, БЛОКИРОВАН","Индивидуальное обозначение в BOM; геометрия, материал и размеры требуют проверки",""
"77","58-59.GR.01.00.00.03","58-59.GR.01.00.00.03  Уголок","Чертёж детали","ТРЕБУЕТСЯ, БЛОКИРОВАН","Индивидуальное обозначение в BOM; геометрия, материал и размеры требуют проверки",""
"78","58-59.GR.01.00.00.05","58-59.GR.01.00.00.05  Щит","Чертёж детали","ТРЕБУЕТСЯ, БЛОКИРОВАН","Индивидуальное обозначение в BOM; геометрия, материал и размеры требуют проверки",""
"79","58-59.GR.01.02.00.00","58-59.GR.01.02.00.00 СБ  Перегородка","Сборочный чертёж","ТРЕБУЕТСЯ, БЛОКИРОВАН","BOM: СБ; состав и геометрия требуют проверки в CAD",""
"79","58-59.GR.01.02.00.00","58-59.GR.01.02.00.00 СБ  Перегородка","Спецификация сборочной единицы","ТРЕБУЕТСЯ, БЛОКИРОВАН","BOM: СБ; состав и геометрия требуют проверки в CAD",""
"80","58-59.GR.01.02.00.00-01","58-59.GR.01.02.00.00-01 СБ  Перегородка","Сборочный чертёж","ТРЕБУЕТСЯ, БЛОКИРОВАН","BOM: СБ; состав и геометрия требуют проверки в CAD",""
"80","58-59.GR.01.02.00.00-01","58-59.GR.01.02.00.00-01 СБ  Перегородка","Спецификация сборочной единицы","ТРЕБУЕТСЯ, БЛОКИРОВАН","BOM: СБ; состав и геометрия требуют проверки в CAD",""
"81","58-59.GR.01.02.00.01","58-59.GR.01.02.00.01  Труба","Чертёж детали","ТРЕБУЕТСЯ, БЛОКИРОВАН","Индивидуальное обозначение в BOM; геометрия, материал и размеры требуют проверки",""
"82","58-59.GR.01.02.00.01-01","58-59.GR.01.02.00.01-01  Труба","Чертёж детали","ТРЕБУЕТСЯ, БЛОКИРОВАН","Индивидуальное обозначение в BOM; геометрия, материал и размеры требуют проверки",""
"83","58-59.GR.01.03.00.00","58-59.GR.01.03.00.00 СБ  Поперечина","Сборочный чертёж","ТРЕБУЕТСЯ, БЛОКИРОВАН","BOM: СБ; состав и геометрия требуют проверки в CAD",""
"83","58-59.GR.01.03.00.00","58-59.GR.01.03.00.00 СБ  Поперечина","Спецификация сборочной единицы","ТРЕБУЕТСЯ, БЛОКИРОВАН","BOM: СБ; состав и геометрия требуют проверки в CAD",""
"84","58-59.GR.03.00.00.00","58-59.GR.03.00.00.00 СБ  Вал в сборе","Сборочный чертёж","ТРЕБУЕТСЯ, БЛОКИРОВАН","BOM: СБ; состав и геометрия требуют проверки в CAD",""
"84","58-59.GR.03.00.00.00","58-59.GR.03.00.00.00 СБ  Вал в сборе","Спецификация сборочной единицы","ТРЕБУЕТСЯ, БЛОКИРОВАН","BOM: СБ; состав и геометрия требуют проверки в CAD",""
"85","58-59.GR.03.00.00.01","58-59.GR.03.00.00.01  Труба","Чертёж детали","ТРЕБУЕТСЯ, БЛОКИРОВАН","Индивидуальное обозначение в BOM; геометрия, материал и размеры требуют проверки",""
"86","58-59.GR.03.01.00.00","58-59.GR.03.01.00.00 СБ  Вал","Сборочный чертёж","ТРЕБУЕТСЯ, БЛОКИРОВАН","BOM: СБ; состав и геометрия требуют проверки в CAD",""
"86","58-59.GR.03.01.00.00","58-59.GR.03.01.00.00 СБ  Вал","Спецификация сборочной единицы","ТРЕБУЕТСЯ, БЛОКИРОВАН","BOM: СБ; состав и геометрия требуют проверки в CAD",""
"87","58-59.GR.07.00.00.00","58-59.GR.07.00.00.00 СБ  Скребок в сборе","Сборочный чертёж","ТРЕБУЕТСЯ, БЛОКИРОВАН","BOM: СБ; состав и геометрия требуют проверки в CAD",""
"87","58-59.GR.07.00.00.00","58-59.GR.07.00.00.00 СБ  Скребок в сборе","Спецификация сборочной единицы","ТРЕБУЕТСЯ, БЛОКИРОВАН","BOM: СБ; состав и геометрия требуют проверки в CAD",""
"88","58-59.GR.07.00.00.01","58-59.GR.07.00.00.01  Нож","Чертёж детали","ТРЕБУЕТСЯ, БЛОКИРОВАН","Индивидуальное обозначение в BOM; геометрия, материал и размеры требуют проверки",""
"89","58-59.GR.07.00.00.02","58-59.GR.07.00.00.02  Пластина прижимная","Чертёж детали","ТРЕБУЕТСЯ, БЛОКИРОВАН","Индивидуальное обозначение в BOM; геометрия, материал и размеры требуют проверки",""
"90","58-59.GR.07.01.00.00","58-59.GR.07.01.00.00 СБ  Скребок","Сборочный чертёж","ТРЕБУЕТСЯ, БЛОКИРОВАН","BOM: СБ; состав и геометрия требуют проверки в CAD",""
"90","58-59.GR.07.01.00.00","58-59.GR.07.01.00.00 СБ  Скребок","Спецификация сборочной единицы","ТРЕБУЕТСЯ, БЛОКИРОВАН","BOM: СБ; состав и геометрия требуют проверки в CAD",""
"91","58-59.GR.07.01.00.01","58-59.GR.07.01.00.01  Труба","Чертёж детали","ТРЕБУЕТСЯ, БЛОКИРОВАН","Индивидуальное обозначение в BOM; геометрия, материал и размеры требуют проверки",""
"92","58-59.GR.07.01.00.04","58-59.GR.07.01.00.04  Пластина","Чертёж детали","ТРЕБУЕТСЯ, БЛОКИРОВАН","Индивидуальное обозначение в BOM; геометрия, материал и размеры требуют проверки",""
"93","58-59.GR.09.00.00.00","58-59.GR.09.00.00.00 СБ  Смотровая в сборе","Сборочный чертёж","ТРЕБУЕТСЯ, БЛОКИРОВАН","BOM: СБ; состав и геометрия требуют проверки в CAD",""
"93","58-59.GR.09.00.00.00","58-59.GR.09.00.00.00 СБ  Смотровая в сборе","Спецификация сборочной единицы","ТРЕБУЕТСЯ, БЛОКИРОВАН","BOM: СБ; состав и геометрия требуют проверки в CAD",""
"94","58-59.GR.09.00.00.01","58-59.GR.09.00.00.01  Щит","Чертёж детали","ТРЕБУЕТСЯ, БЛОКИРОВАН","Индивидуальное обозначение в BOM; геометрия, материал и размеры требуют проверки",""
"95","58-59.GR.10.00.00.00","58-59.GR.10.00.00.00 СБ  Расческа","Сборочный чертёж","ТРЕБУЕТСЯ, БЛОКИРОВАН","BOM: СБ; состав и геометрия требуют проверки в CAD",""
"95","58-59.GR.10.00.00.00","58-59.GR.10.00.00.00 СБ  Расческа","Спецификация сборочной единицы","ТРЕБУЕТСЯ, БЛОКИРОВАН","BOM: СБ; состав и геометрия требуют проверки в CAD",""
"96","58-59.GR.10.01.00.00","58-59.GR.10.01.00.00  Уголок","Чертёж детали","ТРЕБУЕТСЯ, БЛОКИРОВАН","Индивидуальное обозначение в BOM; геометрия, материал и размеры требуют проверки",""
"97","58-59.GR.10.03.00.00","58-59.GR.10.03.00.00  Расческа","Чертёж детали","ТРЕБУЕТСЯ, БЛОКИРОВАН","Индивидуальное обозначение в BOM; геометрия, материал и размеры требуют проверки",""
"98","58-59.GR.11.00.00.00","58-59.GR.11.00.00.00 СБ  Козырек","Сборочный чертёж","ТРЕБУЕТСЯ, БЛОКИРОВАН","BOM: СБ; состав и геометрия требуют проверки в CAD",""
"98","58-59.GR.11.00.00.00","58-59.GR.11.00.00.00 СБ  Козырек","Спецификация сборочной единицы","ТРЕБУЕТСЯ, БЛОКИРОВАН","BOM: СБ; состав и геометрия требуют проверки в CAD",""
"99","58-59.GR.11.00.00.01","58-59.GR.11.00.00.01  Панель","Чертёж детали","ТРЕБУЕТСЯ, БЛОКИРОВАН","Индивидуальное обозначение в BOM; геометрия, материал и размеры требуют проверки",""
"100","58-59.GR.11.00.00.03","58-59.GR.11.00.00.03  Лист","Чертёж детали","ТРЕБУЕТСЯ, БЛОКИРОВАН","Индивидуальное обозначение в BOM; геометрия, материал и размеры требуют проверки",""
"101","58-59.GR.11.00.00.04","58-59.GR.11.00.00.04  Планка","Чертёж детали","ТРЕБУЕТСЯ, БЛОКИРОВАН","Индивидуальное обозначение в BOM; геометрия, материал и размеры требуют проверки",""
"102","58-59.GR.12.00.00.00","58-59.GR.12.00.00.00 СБ  Труба натяжная","Сборочный чертёж","ТРЕБУЕТСЯ, БЛОКИРОВАН","BOM: СБ; состав и геометрия требуют проверки в CAD",""
"102","58-59.GR.12.00.00.00","58-59.GR.12.00.00.00 СБ  Труба натяжная","Спецификация сборочной единицы","ТРЕБУЕТСЯ, БЛОКИРОВАН","BOM: СБ; состав и геометрия требуют проверки в CAD",""
"103","58-59.GR.12.00.00.01","58-59.GR.12.00.00.01  Проф труба","Чертёж детали","ТРЕБУЕТСЯ, БЛОКИРОВАН","Индивидуальное обозначение в BOM; геометрия, материал и размеры требуют проверки",""
"104","58-59.GR.12.00.00.01-01","58-59.GR.12.00.00.01-01 СБ  Проф труба","Сборочный чертёж","ТРЕБУЕТСЯ, БЛОКИРОВАН","BOM: СБ; состав и геометрия требуют проверки в CAD","В STEP нет дочерних связей"
"104","58-59.GR.12.00.00.01-01","58-59.GR.12.00.00.01-01 СБ  Проф труба","Спецификация сборочной единицы","ТРЕБУЕТСЯ, БЛОКИРОВАН","BOM: СБ; состав и геометрия требуют проверки в CAD","В STEP нет дочерних связей"
"105","58.GR.00.00.00.02","58.GR.00.00.00.02  Ламель","Чертёж детали","ТРЕБУЕТСЯ, БЛОКИРОВАН","Индивидуальное обозначение в BOM; геометрия, материал и размеры требуют проверки",""
"106","58.GR.00.00.00.03","58.GR.00.00.00.03  Планка прижимная","Чертёж детали","ТРЕБУЕТСЯ, БЛОКИРОВАН","Индивидуальное обозначение в BOM; геометрия, материал и размеры требуют проверки",""
"107","58.GR.00.00.00.04","58.GR.00.00.00.04  ТМКЩ","Чертёж детали","ТРЕБУЕТСЯ, БЛОКИРОВАН","Индивидуальное обозначение в BOM; геометрия, материал и размеры требуют проверки",""
"108","58.GR.01.00.00.00","58.GR.01.00.00.00 СБ  Рама","Сборочный чертёж","ТРЕБУЕТСЯ, БЛОКИРОВАН","BOM: СБ; состав и геометрия требуют проверки в CAD",""
"108","58.GR.01.00.00.00","58.GR.01.00.00.00 СБ  Рама","Спецификация сборочной единицы","ТРЕБУЕТСЯ, БЛОКИРОВАН","BOM: СБ; состав и геометрия требуют проверки в CAD",""
"109","58.GR.01.00.00.06","58.GR.01.00.00.06  Направляющая","Чертёж детали","ТРЕБУЕТСЯ, БЛОКИРОВАН","Индивидуальное обозначение в BOM; геометрия, материал и размеры требуют проверки","Повторное обозначение; отдельность чертежа не установлена"
"110","58.GR.01.00.00.06","58.GR.01.00.00.06  Направляющая","Чертёж детали","ТРЕБУЕТСЯ, БЛОКИРОВАН","Индивидуальное обозначение в BOM; геометрия, материал и размеры требуют проверки","Повторное обозначение; отдельность чертежа не установлена"
"111","58.GR.01.00.00.07","58.GR.01.00.00.07  Подложка","Чертёж детали","ТРЕБУЕТСЯ, БЛОКИРОВАН","Индивидуальное обозначение в BOM; геометрия, материал и размеры требуют проверки",""
"112","58.GR.01.00.00.07-01","58.GR.01.00.00.07-01  Подложка","Чертёж детали","ТРЕБУЕТСЯ, БЛОКИРОВАН","Индивидуальное обозначение в BOM; геометрия, материал и размеры требуют проверки",""
"113","58.GR.01.01.00.00","58.GR.01.01.00.00 СБ  Боковина","Сборочный чертёж","ТРЕБУЕТСЯ, БЛОКИРОВАН","BOM: СБ; состав и геометрия требуют проверки в CAD",""
"113","58.GR.01.01.00.00","58.GR.01.01.00.00 СБ  Боковина","Спецификация сборочной единицы","ТРЕБУЕТСЯ, БЛОКИРОВАН","BOM: СБ; состав и геометрия требуют проверки в CAD",""
"114","58.GR.01.01.00.00-01","58.GR.01.01.00.00-01 СБ  Боковина","Сборочный чертёж","ТРЕБУЕТСЯ, БЛОКИРОВАН","BOM: СБ; состав и геометрия требуют проверки в CAD",""
"114","58.GR.01.01.00.00-01","58.GR.01.01.00.00-01 СБ  Боковина","Спецификация сборочной единицы","ТРЕБУЕТСЯ, БЛОКИРОВАН","BOM: СБ; состав и геометрия требуют проверки в CAD",""
"115","58.GR.01.01.01.00","58.GR.01.01.01.00 СБ  Профиль боковой","Сборочный чертёж","ТРЕБУЕТСЯ, БЛОКИРОВАН","BOM: СБ; состав и геометрия требуют проверки в CAD",""
"115","58.GR.01.01.01.00","58.GR.01.01.01.00 СБ  Профиль боковой","Спецификация сборочной единицы","ТРЕБУЕТСЯ, БЛОКИРОВАН","BOM: СБ; состав и геометрия требуют проверки в CAD",""
"116","58.GR.01.01.01.01","58.GR.01.01.01.01  Профиль верхний","Чертёж детали","ТРЕБУЕТСЯ, БЛОКИРОВАН","Индивидуальное обозначение в BOM; геометрия, материал и размеры требуют проверки",""
"117","58.GR.01.01.01.02","58.GR.01.01.01.02  Профиль нижний","Чертёж детали","ТРЕБУЕТСЯ, БЛОКИРОВАН","Индивидуальное обозначение в BOM; геометрия, материал и размеры требуют проверки",""
"118","58.GR.01.01.02.00","58.GR.01.01.02.00 СБ  Профиль средний","Сборочный чертёж","ТРЕБУЕТСЯ, БЛОКИРОВАН","BOM: СБ; состав и геометрия требуют проверки в CAD",""
"118","58.GR.01.01.02.00","58.GR.01.01.02.00 СБ  Профиль средний","Спецификация сборочной единицы","ТРЕБУЕТСЯ, БЛОКИРОВАН","BOM: СБ; состав и геометрия требуют проверки в CAD",""
"119","58.GR.01.01.02.01","58.GR.01.01.02.01  Профиль средний","Чертёж детали","ТРЕБУЕТСЯ, БЛОКИРОВАН","Индивидуальное обозначение в BOM; геометрия, материал и размеры требуют проверки",""
"120","58.GR.01.01.02.01-01","58.GR.01.01.02.01-01  Профиль средний","Чертёж детали","ТРЕБУЕТСЯ, БЛОКИРОВАН","Индивидуальное обозначение в BOM; геометрия, материал и размеры требуют проверки",""
"121","58.GR.01.01.01.00-01","58.GR.01.01.01.00-01 СБ 'Профиль боковой'","Сборочный чертёж","ТРЕБУЕТСЯ, БЛОКИРОВАН","BOM: СБ; состав и геометрия требуют проверки в CAD",""
"121","58.GR.01.01.01.00-01","58.GR.01.01.01.00-01 СБ 'Профиль боковой'","Спецификация сборочной единицы","ТРЕБУЕТСЯ, БЛОКИРОВАН","BOM: СБ; состав и геометрия требуют проверки в CAD",""
"122","58.GR.01.01.01.01-01","58.GR.01.01.01.01-01 'Профиль верхний'","Чертёж детали","ТРЕБУЕТСЯ, БЛОКИРОВАН","Индивидуальное обозначение в BOM; геометрия, материал и размеры требуют проверки",""
"123","58.GR.01.01.01.02-01","58.GR.01.01.01.02-01 'Профиль нижний'","Чертёж детали","ТРЕБУЕТСЯ, БЛОКИРОВАН","Индивидуальное обозначение в BOM; геометрия, материал и размеры требуют проверки",""
