product_id,designation,step_name,is_assembly,direct_occurrences,all_occurrences_from_root,leaf_occurrences
77,,SKF_208_2Z_17,False,0,13,13
3248,,Шпилька М8x20 DIN 975 А4,False,0,8,8
4822,,Винт М12х20 DIN 7984 А4_DIN 7984 - M12 x 20 --- 14.75C,False,0,4,4
5635,00.GR.06.00.00.01,00.GR.06.00.00.01  Уголок,False,0,2,2
8058,58.GR.00.00.00.04,58.GR.00.00.00.04  ТМКЩ,False,0,2,2
12148,00.GR.04.02.00.00-130,00.GR.04.02.00.00-130 СБ  Стакан,True,12,1,0
17756,,Винт М8х30 DIN 7991 А4_DIN 7991 - M8 x 30 --- 21.8C,False,0,6,6
18569,00.GR.12.06.00.00,00.GR.12.06.00.00  Шпилька (УПОРНАЯ РЕЗЬБА S34х5),False,0,2,2
20145,00.GR.15.00.00.01,00.GR.15.00.00.01  Основание под Крюк,False,0,3,3
20958,00.GR.10.04.00.00,00.GR.10.04.00.00  Втулка,False,0,4,4
27487,00.GR.10.02.00.00,00.GR.10.02.00.00  Торец,False,0,2,2
28284,00.GR.04.01.00.04,00.GR.04.01.00.04  Ребро,False,0,8,8
29899,,Гайка М10 DIN 934 А4_М10,False,0,18,18
33956,00.GR.06.00.00.00,00.GR.06.00.00.00 СБ  Натяжитель,True,6,2,0
38034,58.GR.01.00.00.07,58.GR.01.00.00.07  Подложка,False,0,1,1
39629,00.GR.13.00.00.00,00.GR.13.00.00.00 СБ  Муфта малая,True,2,1,0
41270,58-59.GR.01.00.00.03,58-59.GR.01.00.00.03  Уголок,False,0,1,1
42858,00.GR.13.00.00.01,00.GR.13.00.00.01  Втулка муфты малая,False,0,1,1
45210,00.GR.01.00.00.11,00.GR.01.00.00.11  Подложка верхняя,False,0,2,2
46859,00.GR.04.01.00.00,00.GR.04.01.00.00 СБ  Опора редуктора,True,11,1,0
48444,00.GR.01.01.00.03,00.GR.01.01.00.03  Палец натяжителя,False,0,8,8
54169,58.GR.01.01.02.01,58.GR.01.01.02.01  Профиль средний,False,0,2,2
55768,00.GR.08.00.00.00,00.GR.08.00.00.00 СБ  Опора,True,8,2,0
56564,58-59.GR.03.00.00.01,58-59.GR.03.00.00.01  Труба,False,0,1,1
58962,00.GR.07.01.00.08,00.GR.07.01.00.08  Подложка гнутая,False,0,3,3
59775,,SKF_208_2Z_31,False,0,1,1
62168,00.GR.07.01.00.05,00.GR.07.01.00.05  Подложка 1,False,0,3,3
65370,00.GR.06.00.00.03,00.GR.06.00.00.03  Усиление,False,0,2,2
69460,,Винт М6х16 DIN 7991 A4_DIN 7991 - M6 x 16 --- 9.7C,False,0,8,8
75139,00.GR.03.00.00.04,00.GR.03.00.00.04  Фланец под звезду,False,0,2,2
79921,,Винт М6х20 DIN 7984 А4_DIN 7984 - M6 x 20 --- 17C,False,0,4,4
80769,,Шайба М8 DIN125 А4,False,0,14,14
83170,58.GR.00.00.00.03,58.GR.00.00.00.03  Планка прижимная,False,0,2,2
84805,00.GR.04.01.00.05,00.GR.04.01.00.05  Втулка,False,0,4,4
88102,,Кольцо стопорное D80 DIN 472_D80,False,0,1,1
90522,00.GR.05.01.00.01,00.GR.05.01.00.01  Пластина,False,0,1,1
92904,00.GR.21.00.00.00,00.GR.21.00.00.00  Гайка S34х5 Упорная резьба,False,0,4,4
93718,00.GR.07.01.00.02,00.GR.07.01.00.02  Втулка,False,0,2,2
94521,00.GR.12.00.00.02-01,00.GR.12.00.00.02-01 СБ  Втулка вварная,False,0,3,3
96066,00.GR.14.00.00.01,00.GR.14.00.00.01  Втулка муфты большая,False,0,1,1
96888,,SKF_UCF_308_3,False,0,8,8
99314,,Винт М10х16 DIN 7984 А4_DIN 7984 - M10 x 16 --- 11.5C,False,0,6,6
100973,58-59.GR.01.02.00.00-01,58-59.GR.01.02.00.00-01 СБ  Перегородка,True,3,1,0
101726,,Звено 2 HP38.1F10,False,0,126,126
102545,,Шайба увеличенная М8 D50 А4,False,0,1,1
103341,00.GR.06.00.00.02,00.GR.06.00.00.02  Ребро,False,0,8,8
104179,58.GR.01.01.00.00,58.GR.01.01.00.00 СБ  Боковина,True,16,1,0
106605,00.GR.03.00.00.02,00.GR.03.00.00.02  Вал приводной,False,0,1,1
109005,,Шайба гроверная М8 DIN127 А4,False,0,14,14
109814,58.GR.01.01.01.00-01,58.GR.01.01.01.00-01 СБ  Профиль боковой_GR.01.01.01.00-01 СБ ''Профиль боковой'',True,2,1,0
111437,,Шайба М10 DIN 127 А4_Шайба М10 DIN 125 А2,False,0,16,16
112277,58-59.GR.10.03.00.00,58-59.GR.10.03.00.00  Расческа,False,0,1,1
118805,00.GR.12.00.00.02,00.GR.12.00.00.02  Втулка вварная,False,0,3,3
121133,,Шпонка 8х10х50,False,0,1,1
124361,,Гайка барашек М8 DIN-314 A4_DIN 315-M8-GT-C-N,False,0,8,8
125174,58-59.GR.07.01.00.01,58-59.GR.07.01.00.01  Труба,False,0,1,1
129188,58-59.GR.01.02.00.00,58-59.GR.01.02.00.00 СБ  Перегородка,True,3,1,0
131643,00.GR.05.01.00.02,00.GR.05.01.00.02  Втулка,False,0,4,4
134828,,Гайка М8 DIN 6923 A4_Hexagon Flange Nut DIN 6923 - M8 - C,False,0,12,12
135672,00.GR.01.02.00.02,00.GR.01.02.00.02  Заглушка,False,0,4,4
137266,,Гайка М8 ГОСТ 5916-70 А4_Hexagon Flange Nut DIN 6923 - M10 - C,False,0,4,4
138915,00.GR.01.01.00.06,00.GR.01.01.00.06  Ухо,False,0,8,8
140478,00.GR.08.01.00.00,00.GR.08.01.00.00 СБ  Основной швеллер,True,4,2,0
143734,58-59.GR.09.00.00.01,58-59.GR.09.00.00.01  Щит,False,0,1,1
145411,00.GR.01.01.03.03,00.GR.01.01.03.03  Косынка,False,0,8,8
146973,58-59.GR.11.00.00.01,58-59.GR.11.00.00.01  Панель,False,0,1,1
147801,58-59.GR.11.00.00.04,58-59.GR.11.00.00.04  Планка,False,0,1,1
149379,,Шайба увеличенная М10 D68 А4,False,0,1,1
150242,58-59.GR.07.00.00.01,58-59.GR.07.00.00.01  Нож,False,0,1,1
151836,00.GR.01.01.03.02,00.GR.01.01.03.02  Труба опорная,False,0,2,2
152590,,Гайка М12 DIN 6923 А4_Hexagon Flange Nut DIN 6923 - M12 - C,False,0,12,12
153391,00.GR.05.00.00.00,00.GR.05.00.00.00 СБ  Опора вала в сборе,True,11,1,0
154196,,Заглушка,False,0,6,6
155781,00.GR.14.00.00.02,00.GR.14.00.00.02  Фланец муфты большой,False,0,1,1
157430,58.GR.01.00.00.07-01,58.GR.01.00.00.07-01  Подложка_GR.01.00.00.07-01 ''Подложка'',False,0,1,1
160671,58-59.GR.01.00.00.02,58-59.GR.01.00.00.02  Уголок,False,0,1,1
165435,00.GR.08.01.00.02,00.GR.08.01.00.02  Пятка,False,0,2,2
167830,,.58.GR.00.00.00.00 СБ  Решетка грабельная (STEP 214 ТТ),True,520,1,0
170281,58.GR.01.01.01.02,58.GR.01.01.01.02  Профиль нижний,False,0,1,1
171880,00.GR.11.00.00.02,00.GR.11.00.00.02  Ребро,False,0,2,2
174275,,SKF_UCP_204_14,False,0,2,2
175113,58-59.GR.11.00.00.00,58-59.GR.11.00.00.00 СБ  Козырек,True,4,1,0
175950,00.GR.04.00.00.00,00.GR.04.00.00.00 СБ  Опора редуктора в сборе,True,4,1,0
178339,,Болт М12х150 DIN 933 ОЦ,False,0,4,4
179163,00.GR.04.01.00.01,00.GR.04.01.00.01  Пластина,False,0,1,1
180755,,Винт М16х155 DIN 7984 ОЦ_155,False,0,3,3
181612,00.GR.04.02.00.04-130-01,"00.GR.04.02.00.04-130-01  Труба D168,3x3",False,0,1,1
183986,58-59.GR.00.00.00.01,58-59.GR.00.00.00.01  Крышка,False,0,1,1
188019,,SKF_UCF_308_14,False,0,1,1
188841,,Шайба М12 DIN 125 А4_Шайба М12 DIN 125 А2,False,0,18,18
190433,00.GR.13.00.00.02,00.GR.13.00.00.02  Фланец муфты малой,False,0,1,1
191254,00.GR.05.01.00.00,00.GR.05.01.00.00 СБ  Опора вала,True,10,1,0
192046,58-59.GR.01.00.00.01,58-59.GR.01.00.00.01  Пол,False,0,1,1
193641,58-59.GR.11.00.00.03,58-59.GR.11.00.00.03  Лист,False,0,1,1
194465,00.GR.07.01.00.06,00.GR.07.01.00.06  Подложка 2,False,0,3,3
196041,,Винт М10х60 DIN 7984 А4_DIN 7984 - M10 x 60 --- 26C,False,0,6,6
196886,58-59.GR.07.00.00.00,58-59.GR.07.00.00.00 СБ  Скребок в сборе,True,36,1,0
199287,,Шайба увеличенная М8 D30 A4,False,0,4,4
200098,,Гайка М8 DIN934 А4,False,0,14,14
204177,,SKF_208_2Z_33,False,0,1,1
205788,,"Мотор-редуктор PCRV090.130-121-7.4-1,1кВт-6P-380-50",False,0,1,1
210665,58-59.GR.01.00.00.05,58-59.GR.01.00.00.05  Щит,False,0,1,1
215461,00.GR.12.05.00.00-01,00.GR.12.05.00.00-01  Палец цепи,False,0,4,4
218685,,Винт М12х30 DIN 7984 А4_DIN 7984 - M12 x 30 --- 24.75C,False,0,12,12
220368,00.GR.01.00.00.10,00.GR.01.00.00.10  Накладка,False,0,4,4
221125,58-59.GR.03.00.00.00,58-59.GR.03.00.00.00 СБ  Вал в сборе,True,27,1,0
222751,00.GR.07.01.00.07,00.GR.07.01.00.07  Подложка 3,False,0,3,3
223563,,Гайка М12 DIN 934 А4_М12,False,0,6,6
224292,,Звено 4х21 А2 нерж.,False,0,24,24
225952,,Подшипник 208 2Z,True,15,1,0
227519,00.GR.04.02.00.05-130,00.GR.04.02.00.05-130  Вставка в трубу,False,0,1,1
229151,00.GR.04.01.00.02,00.GR.04.01.00.02  Обойма,False,0,1,1
230756,,SKF_UCP_204_3,False,0,16,16
233267,00.GR.01.01.03.04,00.GR.01.01.03.04  Кольцо,False,0,2,2
233990,00.GR.15.00.00.00,00.GR.15.00.00.00 СБ  Кронштейн,True,10,3,0
236506,58.GR.01.01.02.00,58.GR.01.01.02.00 СБ  Профиль средний,True,3,2,0
237272,,Шайба М10 DIN 125 А4_Шайба М10 DIN 125 А2,False,0,32,32
244573,00.GR.15.00.00.02,00.GR.15.00.00.02  Крюк,False,0,6,6
245380,00.GR.12.00.00.04,00.GR.12.00.00.04  Заглушка,False,0,4,4
246930,,Винт М10х40 DIN 7984 А4_DIN 7984 - M10 x 40 --- 26C,False,0,5,5
247765,58-59.GR.07.00.00.02,58-59.GR.07.00.00.02  Пластина прижимная,False,0,2,2
250203,00.GR.12.02.00.00-130,00.GR.12.02.00.00-130  Вал редуктора,False,0,1,1
251049,,SKF_UCF_308_16,False,0,1,1
251882,58-59.GR.01.02.00.01-01,58-59.GR.01.02.00.01-01  Труба,False,0,1,1
252623,,SKF_UCP_204_12,False,0,2,2
253455,00.GR.08.00.00.04,00.GR.08.00.00.04  Швеллер 10П,False,0,2,2
255093,,Винт М6х45 DIN 7991 А4_45,False,0,14,14
255833,00.GR.01.01.00.03-01,00.GR.01.01.00.03-01  Палец натяжителя,False,0,2,2
257485,58.GR.01.01.01.02-01,58.GR.01.01.01.02-01  Профиль нижний_GR.01.01.01.02-01 ''Профиль нижний'',False,0,1,1
259045,00.GR.14.00.00.00,00.GR.14.00.00.00 СБ  Муфта большая,True,2,1,0
262336,,Винт М8х27 DIN 7984 А4_DIN 7984 - M10 x 40 --- 26C,False,0,4,4
266443,00.GR.08.01.00.01,00.GR.08.01.00.01  Швеллер 12П,False,0,2,2
267235,,Винт М8х35 DIN 7991 А4_DIN 7991 - M8 x 35 --- 26.8C,False,0,12,12
269681,58-59.GR.07.01.00.04,58-59.GR.07.01.00.04  Пластина,False,0,1,1
270513,00.GR.04.02.00.01,00.GR.04.02.00.01  Фланец,False,0,1,1
272088,58.GR.00.00.00.02,58.GR.00.00.00.02  Ламель,False,0,33,33
282665,58-59.GR.07.01.00.00,58-59.GR.07.01.00.00 СБ  Скребок,True,22,1,0
284217,,Кольцо-стопорное-наружное-ГОСТ-13942-86-DIN-471 Вал 10мм 36НХТЮ_d10,False,0,4,4
286706,58.GR.01.01.02.01-01,58.GR.01.01.02.01-01  Профиль средний,False,0,2,2
287467,,Винт М8х45 DIN 7991 А4_DIN 7991 - M8 x 50 --- 22C,False,0,8,8
288283,00.GR.08.01.00.03,00.GR.08.01.00.03  Косынка,False,0,4,4
290689,,SKF_UCP_204_16,False,0,2,2
291529,,Гайка М12 DIN 6923 ОЦ_Hexagon Flange Nut DIN 6923 - M12 - C,False,0,4,4
292322,58-59.GR.03.01.00.00,58-59.GR.03.01.00.00 СБ  Вал,True,5,1,0
294752,58-59.GR.12.00.00.01,58-59.GR.12.00.00.01  Проф труба,False,0,1,1
295580,00.GR.01.00.00.12,00.GR.01.00.00.12  Направляющая верхняя,False,0,2,2
297971,,Шайба М12 DIN 125 ОЦ_Шайба М12 DIN 125 А2,False,0,4,4
298779,,Звезда HP38.1F10 z=16,False,0,2,2
302036,,Гайка М6 DIN 934 А4_М 6,False,0,14,14
305233,58.GR.01.00.00.06,58.GR.01.00.00.06  Направляющая,False,0,1,1
307661,,Подшипник UCF 308,True,11,1,0
308483,00.GR.01.00.00.09,00.GR.01.00.00.09  Направляющая нижняя,False,0,1,1
311703,58-59.GR.12.00.00.01-01,58-59.GR.12.00.00.01-01 СБ  Проф труба,False,0,1,1
312456,,Подшипник UCP 204,True,11,2,0
317307,58.GR.01.00.00.00,58.GR.01.00.00.00 СБ  Рама_Сборка,True,88,1,0
320544,00.GR.04.02.00.02-130,00.GR.04.02.00.02-130  Косынка,False,0,8,8
321369,00.GR.01.01.03.01,00.GR.01.01.03.01  Пластина,False,0,2,2
322898,58-59.GR.10.00.00.00,58-59.GR.10.00.00.00 СБ  Расческа,True,32,1,0
326964,58.GR.01.01.00.00-01,58.GR.01.01.00.00-01 СБ  Боковина_GR.01.01.01,True,16,1,0
327770,00.GR.01.01.03.05,00.GR.01.01.03.05  Заглушка,False,0,2,2
328495,,Шпонка 9х14х60,False,0,1,1
331009,58.GR.01.01.01.01,58.GR.01.01.01.01  Профиль верхний,False,0,1,1
332576,00.GR.04.02.00.03,00.GR.04.02.00.03  Фланец редуктора pcrv 090-130,False,0,1,1
334970,00.GR.01.01.00.02,00.GR.01.01.00.02  Заслонка,False,0,2,2
335784,,Винт М8х20 DIN 7984 A4_DIN 7984 - M8 x 20 --- 16.25C,False,0,19,19
336591,58.GR.01.00.00.06,58.GR.01.00.00.06  Направляющая_Зеркально отразитьПо умолчанию,False,0,1,1
339051,00.GR.07.01.00.03,00.GR.07.01.00.03  Ребро,False,0,3,3
339863,,Винт М12х60 DIN 7984 A4_DIN 7984 - M12 x 60 --- 30C,False,0,6,6
341462,,Шпонка 9х14х150,False,0,1,1
343109,58-59.GR.01.02.00.01,58-59.GR.01.02.00.01  Труба,False,0,1,1
347042,,Винт М10х45 DIN 7984 А4_DIN 7984 - M10 x 45 --- 26C,False,0,8,8
348695,00.GR.04.01.00.03,00.GR.04.01.00.03  Упор,False,0,2,2
350279,,Винт M12х30 DIN 7984 А4_DIN 7984 - M12 x 30 --- 24.75C,False,0,8,8
353537,00.GR.01.01.03.00,00.GR.01.01.03.00 СБ  Основа опоры,True,8,2,0
354355,,Ручка скоба с втулками пластиковая,False,0,2,2
357605,58-59.GR.10.01.00.00,58-59.GR.10.01.00.00  Уголок,False,0,1,1
359211,58.GR.01.01.01.00,58.GR.01.01.01.00 СБ  Профиль боковой,True,2,1,0
359940,,Шайба М8 DIN 125 А4_Шайба М8 DIN 125 А2,False,0,1,1
363235,,Гайка М16 DIN 6923 ОЦ_Hexagon Flange Nut DIN 6923 - M16 - C,False,0,10,10
364862,00.GR.01.00.00.09,00.GR.01.00.00.09  Направляющая нижняя_Зеркально отразитьПо умолчанию,False,0,1,1
370588,,SKF_UCF_308_12,False,0,1,1
371407,58-59.GR.01.03.00.00,58-59.GR.01.03.00.00 СБ  Поперечина,True,6,1,0
372152,,Звено 1 HP38.1F10,False,0,126,126
372985,58-59.GR.09.00.00.00,58-59.GR.09.00.00.00 СБ  Смотровая в сборе,True,11,1,0
376238,00.GR.12.00.00.03,00.GR.12.00.00.03  Труба плоскоовальная,False,0,2,2
380272,58.GR.01.01.01.01-01,58.GR.01.01.01.01-01  Профиль верхний_GR.01.01.01.01-01 ''Профиль верхний'',False,0,1,1
381107,00.GR.01.01.02.02,00.GR.01.01.02.02  Заглушка,False,0,2,2
385930,58-59.GR.12.00.00.00,58-59.GR.12.00.00.00 СБ  Труба натяжная,True,8,1,0
386745,00.GR.03.00.00.03,00.GR.03.00.00.03  Вал,False,0,1,1
388390,,Шaйба М12 DIN 125 А4_Шайба М12 DIN 125 А2,False,0,12,12
