ID;Позиция BOM;Обозначение;Наименование;Тип;Количество на изделие;Материал из BOM;Источник;Нативная модель;Проверка;Ревизия/конфигурация
TOP-001;;PT.SHT.01.20.00.00;Шнек 1;Сборка верхнего уровня;1;По спецификациям деталей;Главная сборка CAD;CAD\PT.SHT.01.20.00.00 СБ 'Шнек 1'.SLDASM;ЧАСТИЧНО: 117 разрешённых и 88 подавленных вхождений по предыдущей проверке;Ревизия не указана
BOM-001;1;PT.SHT.01.01.00.11;PT.SHT.01.01.00.11  Фланец присоединительный;Деталь;1;AISI 304;BOM, строка 2;ФАЙЛ НЕ НАЙДЕН / СВЯЗЬ НЕ ПОДТВЕРЖДЕНА;НЕ ПРОВЕРЕНО;Ревизия и конфигурация не установлены
BOM-002;2;PT.SHT.01.01.02.03;PT.SHT.01.01.02.03  Опора;Деталь;2;AISI 304;BOM, строка 3;ФАЙЛ НЕ НАЙДЕН / СВЯЗЬ НЕ ПОДТВЕРЖДЕНА;НЕ ПРОВЕРЕНО;Ревизия и конфигурация не установлены
BOM-003;3;PT.SHT.01.20.00.01;PT.SHT.01.20.00.01 'Ограничитель верхний';Деталь;1;AISI 304;BOM, строка 4;CAD\PT.SHT.01.20.00.01 'Ограничитель верхний'.SLDPRT;НЕ ПРОВЕРЕНО;Ревизия и конфигурация не установлены
BOM-004;4;PT.SHT.01.21.00.00;PT.SHT.01.21.00.00 СБ 'Труба в сборе';Сборка;1;НЕ ОПРЕДЕЛЕНО;BOM, строка 5;CAD\Шнек\PT.SHT.01.21.00.00 СБ 'Труба в сборе'.SLDASM;НЕ ПРОВЕРЕНО;Ревизия и конфигурация не установлены
BOM-005;5;PT.SHT.01.21.00.01;PT.SHT.01.21.00.01 'Кронштейн грузовой';Деталь;2;AISI 304;BOM, строка 6;CAD\Шнек\PT.SHT.01.21.00.01 'Кронштейн грузовой'.SLDPRT;НЕ ПРОВЕРЕНО;Ревизия и конфигурация не установлены
BOM-006;6;PT.SHT.01.21.00.03;PT.SHT.01.21.00.03 'Патрубок промывки';Деталь;2;AISI 304;BOM, строка 7;CAD\Шнек\PT.SHT.01.21.00.03 'Патрубок промывки'.SLDPRT;НЕ ПРОВЕРЕНО;Ревизия и конфигурация не установлены
BOM-007;7;PT.SHT.01.21.00.05;PT.SHT.01.21.00.05 'Патрубок шнека';Деталь;2;AISI 304;BOM, строка 8;CAD\Шнек\PT.SHT.01.21.00.05 'Патрубок шнека'.SLDPRT;НЕ ПРОВЕРЕНО;Ревизия и конфигурация не установлены
BOM-008;8;PT.SHT.01.21.00.09;PT.SHT.01.21.00.09 'Труба шнека';Деталь;1;AISI 304;BOM, строка 9;CAD\Шнек\PT.SHT.01.21.00.09 'Труба шнека'.SLDPRT;НЕ ПРОВЕРЕНО;Ревизия и конфигурация не установлены
BOM-009;9;PT.SHT.01.21.00.11;PT.SHT.01.21.00.11 'Ухо';Деталь;4;AISI 304;BOM, строка 10;CAD\Шнек\PT.SHT.01.21.00.11 'Ухо'.SLDPRT;НЕ ПРОВЕРЕНО;Ревизия и конфигурация не установлены
BOM-010;10;PT.SHT.01.21.00.13;PT.SHT.01.21.00.13 'Фланец трубы шнека';Деталь;2;AISI 304;BOM, строка 11;CAD\Шнек\PT.SHT.01.21.00.13 'Фланец трубы шнека'.SLDPRT;НЕ ПРОВЕРЕНО;Ревизия и конфигурация не установлены
BOM-011;11;PT.SHT.01.22.00.00;PT.SHT.01.22.00.00 СБ 'Обойма верхняя';Сборка;1;НЕ ОПРЕДЕЛЕНО;BOM, строка 12;CAD\Шнек\Обойма верхняя\PT.SHT.01.22.00.00 СБ 'Обойма верхняя'.SLDASM;НЕ ПРОВЕРЕНО;Ревизия и конфигурация не установлены
BOM-012;12;PT.SHT.01.22.00.01;PT.SHT.01.22.00.01 'Косынка 1';Деталь;8;AISI 304;BOM, строка 13;CAD\Шнек\Обойма верхняя\PT.SHT.01.22.00.01 'Косынка 1'.SLDPRT;НЕ ПРОВЕРЕНО;Ревизия и конфигурация не установлены
BOM-013;13;PT.SHT.01.22.00.03;PT.SHT.01.22.00.03 'Крышка обоймы верхней';Деталь;1;AISI 304;BOM, строка 14;CAD\Шнек\Обойма верхняя\PT.SHT.01.22.00.03 'Крышка обоймы верхней'.SLDPRT;НЕ ПРОВЕРЕНО;Ревизия и конфигурация не установлены
BOM-014;14;PT.SHT.01.22.00.05;PT.SHT.01.22.00.05 'Обойма';Деталь;2;AISI 304;BOM, строка 15;CAD\Шнек\Обойма верхняя\PT.SHT.01.22.00.05 'Обойма'.SLDPRT;НЕ ПРОВЕРЕНО;Ревизия и конфигурация не установлены
BOM-015;15;PT.SHT.01.22.00.07;PT.SHT.01.22.00.07 'Прокладка';Деталь;2;EPDM 60 дюрометр;BOM, строка 16;CAD\Шнек\Обойма верхняя\PT.SHT.01.22.00.07 'Прокладка'.SLDPRT;НЕ ПРОВЕРЕНО;Ревизия и конфигурация не установлены
BOM-016;16;PT.SHT.01.22.00.09;PT.SHT.01.22.00.09 'Проставка обоймы верхней';Деталь;1;AISI 304;BOM, строка 17;CAD\Шнек\Обойма верхняя\PT.SHT.01.22.00.09 'Проставка обоймы верхней'.SLDPRT;НЕ ПРОВЕРЕНО;Ревизия и конфигурация не установлены
BOM-017;17;PT.SHT.01.22.00.11;PT.SHT.01.22.00.11 'Проставочное кольцо';Деталь;2;AISI 304;BOM, строка 18;CAD\Шнек\Обойма верхняя\PT.SHT.01.22.00.11 'Проставочное кольцо'.SLDPRT;НЕ ПРОВЕРЕНО;Ревизия и конфигурация не установлены
BOM-018;18;PT.SHT.01.22.00.13;PT.SHT.01.22.00.13 'Фланец обоймы';Деталь;2;AISI 304;BOM, строка 19;CAD\Шнек\Обойма верхняя\PT.SHT.01.22.00.13 'Фланец обоймы'.SLDPRT;НЕ ПРОВЕРЕНО;Ревизия и конфигурация не установлены
BOM-019;19;PT.SHT.01.23.00.00;PT.SHT.01.23.00.00 СБ 'Обойма нижняя';Сборка;1;НЕ ОПРЕДЕЛЕНО;BOM, строка 20;CAD\Шнек\Обойма нижняя\PT.SHT.01.23.00.00 СБ 'Обойма нижняя'.SLDASM;НЕ ПРОВЕРЕНО;Ревизия и конфигурация не установлены
BOM-020;20;PT.SHT.01.23.00.01;PT.SHT.01.23.00.01 'Косынка 2';Деталь;8;AISI 304;BOM, строка 21;CAD\Шнек\Обойма нижняя\PT.SHT.01.23.00.01 'Косынка 2'.SLDPRT;НЕ ПРОВЕРЕНО;Ревизия и конфигурация не установлены
BOM-021;21;PT.SHT.01.23.00.05;PT.SHT.01.23.00.05 'Фланец обоймы нижней';Деталь;1;AISI 304;BOM, строка 22;CAD\Шнек\Обойма нижняя\PT.SHT.01.23.00.05 'Фланец обоймы нижней'.SLDPRT;НЕ ПРОВЕРЕНО;Ревизия и конфигурация не установлены
BOM-022;22;PT.SHT.01.23.10.00;PT.SHT.01.23.10.00 СБ 'Крышка обоймы нижней';Сборка;1;НЕ ОПРЕДЕЛЕНО;BOM, строка 23;CAD\Шнек\Обойма нижняя\PT.SHT.01.23.10.00 СБ 'Крышка обоймы в сборе'\PT.SHT.01.23.10.00 СБ 'Крышка обоймы нижней'.SLDASM;НЕ ПРОВЕРЕНО;Ревизия и конфигурация не установлены
BOM-023;23;PT.SHT.01.23.10.01;PT.SHT.01.23.10.01 'Крышка';Деталь;1;AISI 304;BOM, строка 24;CAD\Шнек\Обойма нижняя\PT.SHT.01.23.10.00 СБ 'Крышка обоймы в сборе'\PT.SHT.01.23.10.01 'Крышка'.SLDPRT;НЕ ПРОВЕРЕНО;Ревизия и конфигурация не установлены
BOM-024;24;PT.SHT.01.23.10.03;PT.SHT.01.23.10.03 'Гильза';Деталь;1;AISI 304;BOM, строка 25;CAD\Шнек\Обойма нижняя\PT.SHT.01.23.10.00 СБ 'Крышка обоймы в сборе'\PT.SHT.01.23.10.03 'Гильза'.SLDPRT;НЕ ПРОВЕРЕНО;Ревизия и конфигурация не установлены
BOM-025;25;PT.SHT.01.24.00.00;PT.SHT.01.24.00.00 СБ 'Шнековый вал';Сборка;1;НЕ ОПРЕДЕЛЕНО;BOM, строка 26;CAD\Шнек\Шнек механизм\PT.SHT.01.24.00.00 СБ 'Шнековый вал'.SLDASM;НЕ ПРОВЕРЕНО;Ревизия и конфигурация не установлены
BOM-026;26;PT.SHT.01.24.00.01;PT.SHT.01.24.00.01 'Вал шнека верхний';Деталь;1;Ст 3 ГОСТ 380-88;BOM, строка 27;CAD\Шнек\Шнек механизм\PT.SHT.01.24.00.01 'Вал шнека верхний'.SLDPRT;НЕ ПРОВЕРЕНО;Ревизия и конфигурация не установлены
BOM-027;27;PT.SHT.01.24.00.03;PT.SHT.01.24.00.03 'Вал шнека нижний';Деталь;1;Ст 3 ГОСТ 380-88;BOM, строка 28;CAD\Шнек\Шнек механизм\PT.SHT.01.24.00.03 'Вал шнека нижний'.SLDPRT;НЕ ПРОВЕРЕНО;Ревизия и конфигурация не установлены
BOM-028;28;PT.SHT.01.24.00.05;PT.SHT.01.24.00.05 'Винт шнека';Деталь;1;AISI 304;BOM, строка 29;CAD\Шнек\Шнек механизм\PT.SHT.01.24.00.05 'Винт шнека'.SLDPRT;НЕ ПРОВЕРЕНО;Ревизия и конфигурация не установлены
BOM-029;29;PT.SHT.01.24.00.07;PT.SHT.01.24.00.07 'Сердечник';Деталь;1;AISI 304;BOM, строка 30;CAD\Шнек\Шнек механизм\PT.SHT.01.24.00.07 'Сердечник'.SLDPRT;НЕ ПРОВЕРЕНО;Ревизия и конфигурация не установлены
BOM-030;30;PT.SHT.01.24.00.09;PT.SHT.01.24.00.09 'Торец шнека';Деталь;2;AISI 304;BOM, строка 31;CAD\Шнек\Шнек механизм\PT.SHT.01.24.00.09 'Торец шнека'.SLDPRT;НЕ ПРОВЕРЕНО;Ревизия и конфигурация не установлены
BOM-031;31;PT.SHT.01.25.00.00;PT.SHT.01.25.00.00 СБ 'Опора шнековая';Сборка;1;НЕ ОПРЕДЕЛЕНО;BOM, строка 32;CAD\Опора шнека\PT.SHT.01.25.00.00 СБ 'Опора шнековая'.SLDASM;НЕ ПРОВЕРЕНО;Ревизия и конфигурация не установлены
BOM-032;32;PT.SHT.01.25.00.01;PT.SHT.01.25.00.01 'Балка 1';Деталь;1;Ст 3 ГОСТ 380-88;BOM, строка 33;CAD\Опора шнека\PT.SHT.01.25.00.01 'Балка 1'.SLDPRT;НЕ ПРОВЕРЕНО;Ревизия и конфигурация не установлены
BOM-033;33;PT.SHT.01.25.00.03;PT.SHT.01.25.00.03 'Балка 2';Деталь;1;Ст 3 ГОСТ 380-88;BOM, строка 34;CAD\Опора шнека\PT.SHT.01.25.00.03 'Балка 2'.SLDPRT;НЕ ПРОВЕРЕНО;Ревизия и конфигурация не установлены
BOM-034;34;PT.SHT.01.25.00.05;PT.SHT.01.25.00.05 'Втулка';Деталь;2;Ст 3 ГОСТ 380-88;BOM, строка 35;CAD\Опора шнека\PT.SHT.01.25.00.05 'Втулка'.SLDPRT;НЕ ПРОВЕРЕНО;Ревизия и конфигурация не установлены
BOM-035;35;PT.SHT.01.25.00.07;PT.SHT.01.25.00.07 'Стойка 1';Деталь;1;Ст 3 ГОСТ 380-88;BOM, строка 36;CAD\Опора шнека\PT.SHT.01.25.00.07 'Стойка 1'.SLDPRT;НЕ ПРОВЕРЕНО;Ревизия и конфигурация не установлены
BOM-036;36;PT.SHT.01.25.00.07-01;PT.SHT.01.25.00.07-01 'Стойка 1';Деталь;1;Ст 3 ГОСТ 380-88;BOM, строка 37;CAD\Опора шнека\PT.SHT.01.25.00.07-01 'Стойка 1'.SLDPRT;НЕ ПРОВЕРЕНО;Ревизия и конфигурация не установлены
BOM-037;37;PT.SHT.01.25.00.09;PT.SHT.01.25.00.09 'Подкос 1';Деталь;1;Ст 3 ГОСТ 380-88;BOM, строка 38;CAD\Опора шнека\PT.SHT.01.25.00.09 'Подкос 1'.SLDPRT;НЕ ПРОВЕРЕНО;Ревизия и конфигурация не установлены
BOM-038;38;PT.SHT.01.25.00.09-01;PT.SHT.01.25.00.09-01 'Подкос 1';Деталь;1;Ст 3 ГОСТ 380-88;BOM, строка 39;CAD\Опора шнека\PT.SHT.01.25.00.09-01 'Подкос 1'.SLDPRT;НЕ ПРОВЕРЕНО;Ревизия и конфигурация не установлены
BOM-039;39;;Болт М6х20 DIN 933 А2;Покупное/стандартное — классификация требует проверки;8;AISI 304;BOM, строка 40;ФАЙЛ НЕ НАЙДЕН / СВЯЗЬ НЕ ПОДТВЕРЖДЕНА;НЕ ПРОВЕРЕНО;Ревизия и конфигурация не установлены
BOM-040;40;;Болт М8х25 DIN 933 A2;Покупное/стандартное — классификация требует проверки;16;AISI 304;BOM, строка 41;ФАЙЛ НЕ НАЙДЕН / СВЯЗЬ НЕ ПОДТВЕРЖДЕНА;НЕ ПРОВЕРЕНО;Ревизия и конфигурация не установлены
BOM-041;41;;Винт М12х30 DIN 931 A2;Покупное/стандартное — классификация требует проверки;1;AISI 304;BOM, строка 42;ФАЙЛ НЕ НАЙДЕН / СВЯЗЬ НЕ ПОДТВЕРЖДЕНА;НЕ ПРОВЕРЕНО;Ревизия и конфигурация не установлены
BOM-042;42;;Винт М8х20 DIN 931 A2;Покупное/стандартное — классификация требует проверки;8;AISI 304;BOM, строка 43;ФАЙЛ НЕ НАЙДЕН / СВЯЗЬ НЕ ПОДТВЕРЖДЕНА;НЕ ПРОВЕРЕНО;Ревизия и конфигурация не установлены
BOM-043;43;;Гайка М10 DIN 934;Покупное/стандартное — классификация требует проверки;2;AISI 304;BOM, строка 44;ФАЙЛ НЕ НАЙДЕН / СВЯЗЬ НЕ ПОДТВЕРЖДЕНА;НЕ ПРОВЕРЕНО;Ревизия и конфигурация не установлены
BOM-044;44;;Гайка М6 DIN 934;Покупное/стандартное — классификация требует проверки;8;AISI 304;BOM, строка 45;ФАЙЛ НЕ НАЙДЕН / СВЯЗЬ НЕ ПОДТВЕРЖДЕНА;НЕ ПРОВЕРЕНО;Ревизия и конфигурация не установлены
BOM-045;45;;Гайка М8 DIN 934 А2;Покупное/стандартное — классификация требует проверки;16;AISI 304;BOM, строка 46;ФАЙЛ НЕ НАЙДЕН / СВЯЗЬ НЕ ПОДТВЕРЖДЕНА;НЕ ПРОВЕРЕНО;Ревизия и конфигурация не установлены
BOM-046;46;;Кран шаровый G 1.2;Покупное/стандартное — классификация требует проверки;2;НЕ ОПРЕДЕЛЕНО;BOM, строка 47;ФАЙЛ НЕ НАЙДЕН / СВЯЗЬ НЕ ПОДТВЕРЖДЕНА;НЕ ПРОВЕРЕНО;Ревизия и конфигурация не установлены
BOM-047;47;;Манжета 2 -50х70-5 ГОСТ 8752-79;Покупное/стандартное — классификация требует проверки;2;EPDM 60 дюрометр;BOM, строка 48;ФАЙЛ НЕ НАЙДЕН / СВЯЗЬ НЕ ПОДТВЕРЖДЕНА;НЕ ПРОВЕРЕНО;Ревизия и конфигурация не установлены
BOM-048;48;;Мотор-редуктор NMRV 075(100B5);Покупное/стандартное — классификация требует проверки;1;НЕ ОПРЕДЕЛЕНО;BOM, строка 49;ФАЙЛ НЕ НАЙДЕН / СВЯЗЬ НЕ ПОДТВЕРЖДЕНА;НЕ ПРОВЕРЕНО;Ревизия и конфигурация не установлены
BOM-049;49;;Подшипник 7208BEA.step;Покупное/стандартное — классификация требует проверки;4;НЕ ОПРЕДЕЛЕНО;BOM, строка 50;ФАЙЛ НЕ НАЙДЕН / СВЯЗЬ НЕ ПОДТВЕРЖДЕНА;НЕ ПРОВЕРЕНО;Ревизия и конфигурация не установлены
BOM-050;50;;Болт М10х90 DIN 933;Покупное/стандартное — классификация требует проверки;2;AISI 304;BOM, строка 51;ФАЙЛ НЕ НАЙДЕН / СВЯЗЬ НЕ ПОДТВЕРЖДЕНА;НЕ ПРОВЕРЕНО;Ревизия и конфигурация не установлены
BOM-051;51;;Стопорное кольцо D40 DIN 471 А2;Покупное/стандартное — классификация требует проверки;2;AISI 304;BOM, строка 52;ФАЙЛ НЕ НАЙДЕН / СВЯЗЬ НЕ ПОДТВЕРЖДЕНА;НЕ ПРОВЕРЕНО;Ревизия и конфигурация не установлены
BOM-052;52;;Стопорное кольцо D70 DIN 472 А2;Покупное/стандартное — классификация требует проверки;2;AISI 304;BOM, строка 53;ФАЙЛ НЕ НАЙДЕН / СВЯЗЬ НЕ ПОДТВЕРЖДЕНА;НЕ ПРОВЕРЕНО;Ревизия и конфигурация не установлены
BOM-053;53;;Стопорное кольцо D80 DIN 472 А2;Покупное/стандартное — классификация требует проверки;2;AISI 304;BOM, строка 54;ФАЙЛ НЕ НАЙДЕН / СВЯЗЬ НЕ ПОДТВЕРЖДЕНА;НЕ ПРОВЕРЕНО;Ревизия и конфигурация не установлены
BOM-054;54;;Шайба пружинная М10 DIN128;Покупное/стандартное — классификация требует проверки;4;AISI 304;BOM, строка 55;ФАЙЛ НЕ НАЙДЕН / СВЯЗЬ НЕ ПОДТВЕРЖДЕНА;НЕ ПРОВЕРЕНО;Ревизия и конфигурация не установлены
BOM-055;55;;Шайба пружинная М12 DIN 128 A2;Покупное/стандартное — классификация требует проверки;1;AISI 304;BOM, строка 56;ФАЙЛ НЕ НАЙДЕН / СВЯЗЬ НЕ ПОДТВЕРЖДЕНА;НЕ ПРОВЕРЕНО;Ревизия и конфигурация не установлены
BOM-056;56;;Шайба пружинная М6 DIN128 А2;Покупное/стандартное — классификация требует проверки;16;AISI 304;BOM, строка 57;ФАЙЛ НЕ НАЙДЕН / СВЯЗЬ НЕ ПОДТВЕРЖДЕНА;НЕ ПРОВЕРЕНО;Ревизия и конфигурация не установлены
BOM-057;57;;Шайба пружинная М8 DIN 127 B А2;Покупное/стандартное — классификация требует проверки;40;AISI 304;BOM, строка 58;ФАЙЛ НЕ НАЙДЕН / СВЯЗЬ НЕ ПОДТВЕРЖДЕНА;НЕ ПРОВЕРЕНО;Ревизия и конфигурация не установлены
BOM-058;58;;Шпонка 8x7x63 ГОСТ 23360-78 DIN 6885;Покупное/стандартное — классификация требует проверки;1;AISI 304;BOM, строка 59;ФАЙЛ НЕ НАЙДЕН / СВЯЗЬ НЕ ПОДТВЕРЖДЕНА;НЕ ПРОВЕРЕНО;Ревизия и конфигурация не установлены
BOM-059;59;PT.SHT.01.21.00.07;PT.SHT.01.21.00.07 'Сбрасыватель';Деталь;1;НЕ ОПРЕДЕЛЕНО;BOM, строка 60;CAD\Шнек\PT.SHT.01.21.00.07 'Сбрасыватель'.SLDPRT;НЕ ПРОВЕРЕНО;Ревизия и конфигурация не установлены
