ID;Вид документа;ID объекта;Обозначение;Применимость;Создание;Проверка;Обнаруженный файл;Примечание
DOC-TOP-DRW;Сборочный чертёж;TOP-001;PT.SHT.01.20.00.00;ТРЕБУЕТСЯ;СОЗДАНО (исходный файл);НЕ ПРОВЕРЕНО;CAD\PT.SHT.01.20.00.00 СБ 'Шнек 1'.SLDDRW;Актуальность и полнота размеров не проверены
DOC-TOP-SPEC;Спецификация изделия;TOP-001;PT.SHT.01.20.00.00;ТРЕБУЕТСЯ;НЕ НАЧАТО;НЕ ВЫПОЛНЕНО;;"Имеется исходная BOM.xlsx; структура и ревизия спецификации не подтверждены"
DOC-TOP-ROUTE;Технология сборки и время;TOP-001;PT.SHT.01.20.00.00;ТРЕБУЕТСЯ;НЕ НАЧАТО;НЕ ВЫПОЛНЕНО;;Не установлен порядок сборки и испытаний
DOC-BOM-001-DRW;Рабочий чертёж детали;BOM-001;PT.SHT.01.01.00.11;ТРЕБУЕТСЯ;НЕ НАЧАТО;НЕ ВЫПОЛНЕНО;;Файл отсутствует
DOC-BOM-001-ROUTE;Технологический маршрут и время;BOM-001;PT.SHT.01.01.00.11;ТРЕБУЕТСЯ;НЕ НАЧАТО;НЕ ВЫПОЛНЕНО;;Маршрут, оборудование и нормы времени не установлены
DOC-BOM-002-DRW;Рабочий чертёж детали;BOM-002;PT.SHT.01.01.02.03;ТРЕБУЕТСЯ;НЕ НАЧАТО;НЕ ВЫПОЛНЕНО;;Файл отсутствует
DOC-BOM-002-ROUTE;Технологический маршрут и время;BOM-002;PT.SHT.01.01.02.03;ТРЕБУЕТСЯ;НЕ НАЧАТО;НЕ ВЫПОЛНЕНО;;Маршрут, оборудование и нормы времени не установлены
DOC-BOM-003-DRW;Рабочий чертёж детали;BOM-003;PT.SHT.01.20.00.01;ТРЕБУЕТСЯ;НЕ НАЧАТО;НЕ ВЫПОЛНЕНО;;Файл отсутствует
DOC-BOM-003-ROUTE;Технологический маршрут и время;BOM-003;PT.SHT.01.20.00.01;ТРЕБУЕТСЯ;НЕ НАЧАТО;НЕ ВЫПОЛНЕНО;;Маршрут, оборудование и нормы времени не установлены
DOC-BOM-004-DRW;Сборочный чертёж;BOM-004;PT.SHT.01.21.00.00;ТРЕБУЕТСЯ;СОЗДАНО (предварительный файл);НЕ ПРОВЕРЕНО;Чертежи\20261002-060318-973921\Труба в сборе.SLDDRW;Размеры, базы, основная надпись и соответствие модели не подтверждены
DOC-BOM-004-ROUTE;Технологический маршрут и время;BOM-004;PT.SHT.01.21.00.00;ТРЕБУЕТСЯ;НЕ НАЧАТО;НЕ ВЫПОЛНЕНО;;Маршрут, оборудование и нормы времени не установлены
DOC-BOM-004-SPEC;Спецификация сборки;BOM-004;PT.SHT.01.21.00.00;ТРЕБУЕТСЯ;НЕ НАЧАТО;НЕ ВЫПОЛНЕНО;;BOM верхнего уровня не заменяет спецификацию этой сборки
DOC-BOM-005-DRW;Рабочий чертёж детали;BOM-005;PT.SHT.01.21.00.01;ТРЕБУЕТСЯ;НЕ НАЧАТО;НЕ ВЫПОЛНЕНО;;Файл отсутствует
DOC-BOM-005-ROUTE;Технологический маршрут и время;BOM-005;PT.SHT.01.21.00.01;ТРЕБУЕТСЯ;НЕ НАЧАТО;НЕ ВЫПОЛНЕНО;;Маршрут, оборудование и нормы времени не установлены
DOC-BOM-006-DRW;Рабочий чертёж детали;BOM-006;PT.SHT.01.21.00.03;ТРЕБУЕТСЯ;НЕ НАЧАТО;НЕ ВЫПОЛНЕНО;;Файл отсутствует
DOC-BOM-006-ROUTE;Технологический маршрут и время;BOM-006;PT.SHT.01.21.00.03;ТРЕБУЕТСЯ;НЕ НАЧАТО;НЕ ВЫПОЛНЕНО;;Маршрут, оборудование и нормы времени не установлены
DOC-BOM-007-DRW;Рабочий чертёж детали;BOM-007;PT.SHT.01.21.00.05;ТРЕБУЕТСЯ;НЕ НАЧАТО;НЕ ВЫПОЛНЕНО;;Файл отсутствует
DOC-BOM-007-ROUTE;Технологический маршрут и время;BOM-007;PT.SHT.01.21.00.05;ТРЕБУЕТСЯ;НЕ НАЧАТО;НЕ ВЫПОЛНЕНО;;Маршрут, оборудование и нормы времени не установлены
DOC-BOM-008-DRW;Рабочий чертёж детали;BOM-008;PT.SHT.01.21.00.09;ТРЕБУЕТСЯ;НЕ НАЧАТО;НЕ ВЫПОЛНЕНО;;Файл отсутствует
DOC-BOM-008-ROUTE;Технологический маршрут и время;BOM-008;PT.SHT.01.21.00.09;ТРЕБУЕТСЯ;НЕ НАЧАТО;НЕ ВЫПОЛНЕНО;;Маршрут, оборудование и нормы времени не установлены
DOC-BOM-009-DRW;Рабочий чертёж детали;BOM-009;PT.SHT.01.21.00.11;ТРЕБУЕТСЯ;НЕ НАЧАТО;НЕ ВЫПОЛНЕНО;;Файл отсутствует
DOC-BOM-009-ROUTE;Технологический маршрут и время;BOM-009;PT.SHT.01.21.00.11;ТРЕБУЕТСЯ;НЕ НАЧАТО;НЕ ВЫПОЛНЕНО;;Маршрут, оборудование и нормы времени не установлены
DOC-BOM-010-DRW;Рабочий чертёж детали;BOM-010;PT.SHT.01.21.00.13;ТРЕБУЕТСЯ;НЕ НАЧАТО;НЕ ВЫПОЛНЕНО;;Файл отсутствует
DOC-BOM-010-ROUTE;Технологический маршрут и время;BOM-010;PT.SHT.01.21.00.13;ТРЕБУЕТСЯ;НЕ НАЧАТО;НЕ ВЫПОЛНЕНО;;Маршрут, оборудование и нормы времени не установлены
DOC-BOM-011-DRW;Сборочный чертёж;BOM-011;PT.SHT.01.22.00.00;ТРЕБУЕТСЯ;НЕ НАЧАТО;НЕ ВЫПОЛНЕНО;;Файл отсутствует
DOC-BOM-011-ROUTE;Технологический маршрут и время;BOM-011;PT.SHT.01.22.00.00;ТРЕБУЕТСЯ;НЕ НАЧАТО;НЕ ВЫПОЛНЕНО;;Маршрут, оборудование и нормы времени не установлены
DOC-BOM-011-SPEC;Спецификация сборки;BOM-011;PT.SHT.01.22.00.00;ТРЕБУЕТСЯ;НЕ НАЧАТО;НЕ ВЫПОЛНЕНО;;BOM верхнего уровня не заменяет спецификацию этой сборки
DOC-BOM-012-DRW;Рабочий чертёж детали;BOM-012;PT.SHT.01.22.00.01;ТРЕБУЕТСЯ;НЕ НАЧАТО;НЕ ВЫПОЛНЕНО;;Файл отсутствует
DOC-BOM-012-ROUTE;Технологический маршрут и время;BOM-012;PT.SHT.01.22.00.01;ТРЕБУЕТСЯ;НЕ НАЧАТО;НЕ ВЫПОЛНЕНО;;Маршрут, оборудование и нормы времени не установлены
DOC-BOM-013-DRW;Рабочий чертёж детали;BOM-013;PT.SHT.01.22.00.03;ТРЕБУЕТСЯ;НЕ НАЧАТО;НЕ ВЫПОЛНЕНО;;Файл отсутствует
DOC-BOM-013-ROUTE;Технологический маршрут и время;BOM-013;PT.SHT.01.22.00.03;ТРЕБУЕТСЯ;НЕ НАЧАТО;НЕ ВЫПОЛНЕНО;;Маршрут, оборудование и нормы времени не установлены
DOC-BOM-014-DRW;Рабочий чертёж детали;BOM-014;PT.SHT.01.22.00.05;ТРЕБУЕТСЯ;НЕ НАЧАТО;НЕ ВЫПОЛНЕНО;;Файл отсутствует
DOC-BOM-014-ROUTE;Технологический маршрут и время;BOM-014;PT.SHT.01.22.00.05;ТРЕБУЕТСЯ;НЕ НАЧАТО;НЕ ВЫПОЛНЕНО;;Маршрут, оборудование и нормы времени не установлены
DOC-BOM-015-DRW;Рабочий чертёж детали;BOM-015;PT.SHT.01.22.00.07;ТРЕБУЕТСЯ;НЕ НАЧАТО;НЕ ВЫПОЛНЕНО;;Файл отсутствует
DOC-BOM-015-ROUTE;Технологический маршрут и время;BOM-015;PT.SHT.01.22.00.07;ТРЕБУЕТСЯ;НЕ НАЧАТО;НЕ ВЫПОЛНЕНО;;Маршрут, оборудование и нормы времени не установлены
DOC-BOM-016-DRW;Рабочий чертёж детали;BOM-016;PT.SHT.01.22.00.09;ТРЕБУЕТСЯ;НЕ НАЧАТО;НЕ ВЫПОЛНЕНО;;Файл отсутствует
DOC-BOM-016-ROUTE;Технологический маршрут и время;BOM-016;PT.SHT.01.22.00.09;ТРЕБУЕТСЯ;НЕ НАЧАТО;НЕ ВЫПОЛНЕНО;;Маршрут, оборудование и нормы времени не установлены
DOC-BOM-017-DRW;Рабочий чертёж детали;BOM-017;PT.SHT.01.22.00.11;ТРЕБУЕТСЯ;НЕ НАЧАТО;НЕ ВЫПОЛНЕНО;;Файл отсутствует
DOC-BOM-017-ROUTE;Технологический маршрут и время;BOM-017;PT.SHT.01.22.00.11;ТРЕБУЕТСЯ;НЕ НАЧАТО;НЕ ВЫПОЛНЕНО;;Маршрут, оборудование и нормы времени не установлены
DOC-BOM-018-DRW;Рабочий чертёж детали;BOM-018;PT.SHT.01.22.00.13;ТРЕБУЕТСЯ;НЕ НАЧАТО;НЕ ВЫПОЛНЕНО;;Файл отсутствует
DOC-BOM-018-ROUTE;Технологический маршрут и время;BOM-018;PT.SHT.01.22.00.13;ТРЕБУЕТСЯ;НЕ НАЧАТО;НЕ ВЫПОЛНЕНО;;Маршрут, оборудование и нормы времени не установлены
DOC-BOM-019-DRW;Сборочный чертёж;BOM-019;PT.SHT.01.23.00.00;ТРЕБУЕТСЯ;НЕ НАЧАТО;НЕ ВЫПОЛНЕНО;;Файл отсутствует
DOC-BOM-019-ROUTE;Технологический маршрут и время;BOM-019;PT.SHT.01.23.00.00;ТРЕБУЕТСЯ;НЕ НАЧАТО;НЕ ВЫПОЛНЕНО;;Маршрут, оборудование и нормы времени не установлены
DOC-BOM-019-SPEC;Спецификация сборки;BOM-019;PT.SHT.01.23.00.00;ТРЕБУЕТСЯ;НЕ НАЧАТО;НЕ ВЫПОЛНЕНО;;BOM верхнего уровня не заменяет спецификацию этой сборки
DOC-BOM-020-DRW;Рабочий чертёж детали;BOM-020;PT.SHT.01.23.00.01;ТРЕБУЕТСЯ;НЕ НАЧАТО;НЕ ВЫПОЛНЕНО;;Файл отсутствует
DOC-BOM-020-ROUTE;Технологический маршрут и время;BOM-020;PT.SHT.01.23.00.01;ТРЕБУЕТСЯ;НЕ НАЧАТО;НЕ ВЫПОЛНЕНО;;Маршрут, оборудование и нормы времени не установлены
DOC-BOM-021-DRW;Рабочий чертёж детали;BOM-021;PT.SHT.01.23.00.05;ТРЕБУЕТСЯ;НЕ НАЧАТО;НЕ ВЫПОЛНЕНО;;Файл отсутствует
DOC-BOM-021-ROUTE;Технологический маршрут и время;BOM-021;PT.SHT.01.23.00.05;ТРЕБУЕТСЯ;НЕ НАЧАТО;НЕ ВЫПОЛНЕНО;;Маршрут, оборудование и нормы времени не установлены
DOC-BOM-022-DRW;Сборочный чертёж;BOM-022;PT.SHT.01.23.10.00;ТРЕБУЕТСЯ;НЕ НАЧАТО;НЕ ВЫПОЛНЕНО;;Файл отсутствует
DOC-BOM-022-ROUTE;Технологический маршрут и время;BOM-022;PT.SHT.01.23.10.00;ТРЕБУЕТСЯ;НЕ НАЧАТО;НЕ ВЫПОЛНЕНО;;Маршрут, оборудование и нормы времени не установлены
DOC-BOM-022-SPEC;Спецификация сборки;BOM-022;PT.SHT.01.23.10.00;ТРЕБУЕТСЯ;НЕ НАЧАТО;НЕ ВЫПОЛНЕНО;;BOM верхнего уровня не заменяет спецификацию этой сборки
DOC-BOM-023-DRW;Рабочий чертёж детали;BOM-023;PT.SHT.01.23.10.01;ТРЕБУЕТСЯ;НЕ НАЧАТО;НЕ ВЫПОЛНЕНО;;Файл отсутствует
DOC-BOM-023-ROUTE;Технологический маршрут и время;BOM-023;PT.SHT.01.23.10.01;ТРЕБУЕТСЯ;НЕ НАЧАТО;НЕ ВЫПОЛНЕНО;;Маршрут, оборудование и нормы времени не установлены
DOC-BOM-024-DRW;Рабочий чертёж детали;BOM-024;PT.SHT.01.23.10.03;ТРЕБУЕТСЯ;НЕ НАЧАТО;НЕ ВЫПОЛНЕНО;;Файл отсутствует
DOC-BOM-024-ROUTE;Технологический маршрут и время;BOM-024;PT.SHT.01.23.10.03;ТРЕБУЕТСЯ;НЕ НАЧАТО;НЕ ВЫПОЛНЕНО;;Маршрут, оборудование и нормы времени не установлены
DOC-BOM-025-DRW;Сборочный чертёж;BOM-025;PT.SHT.01.24.00.00;ТРЕБУЕТСЯ;СОЗДАНО (предварительный файл);НЕ ПРОВЕРЕНО;Чертежи\20261002-060318-973921\Шнековый вал.SLDDRW;Размеры, базы, основная надпись и соответствие модели не подтверждены
DOC-BOM-025-ROUTE;Технологический маршрут и время;BOM-025;PT.SHT.01.24.00.00;ТРЕБУЕТСЯ;НЕ НАЧАТО;НЕ ВЫПОЛНЕНО;;Маршрут, оборудование и нормы времени не установлены
DOC-BOM-025-SPEC;Спецификация сборки;BOM-025;PT.SHT.01.24.00.00;ТРЕБУЕТСЯ;НЕ НАЧАТО;НЕ ВЫПОЛНЕНО;;BOM верхнего уровня не заменяет спецификацию этой сборки
DOC-BOM-026-DRW;Рабочий чертёж детали;BOM-026;PT.SHT.01.24.00.01;ТРЕБУЕТСЯ;НЕ НАЧАТО;НЕ ВЫПОЛНЕНО;;Файл отсутствует
DOC-BOM-026-ROUTE;Технологический маршрут и время;BOM-026;PT.SHT.01.24.00.01;ТРЕБУЕТСЯ;НЕ НАЧАТО;НЕ ВЫПОЛНЕНО;;Маршрут, оборудование и нормы времени не установлены
DOC-BOM-027-DRW;Рабочий чертёж детали;BOM-027;PT.SHT.01.24.00.03;ТРЕБУЕТСЯ;НЕ НАЧАТО;НЕ ВЫПОЛНЕНО;;Файл отсутствует
DOC-BOM-027-ROUTE;Технологический маршрут и время;BOM-027;PT.SHT.01.24.00.03;ТРЕБУЕТСЯ;НЕ НАЧАТО;НЕ ВЫПОЛНЕНО;;Маршрут, оборудование и нормы времени не установлены
DOC-BOM-028-DRW;Рабочий чертёж детали;BOM-028;PT.SHT.01.24.00.05;ТРЕБУЕТСЯ;НЕ НАЧАТО;НЕ ВЫПОЛНЕНО;;Файл отсутствует
DOC-BOM-028-ROUTE;Технологический маршрут и время;BOM-028;PT.SHT.01.24.00.05;ТРЕБУЕТСЯ;НЕ НАЧАТО;НЕ ВЫПОЛНЕНО;;Маршрут, оборудование и нормы времени не установлены
DOC-BOM-029-DRW;Рабочий чертёж детали;BOM-029;PT.SHT.01.24.00.07;ТРЕБУЕТСЯ;НЕ НАЧАТО;НЕ ВЫПОЛНЕНО;;Файл отсутствует
DOC-BOM-029-ROUTE;Технологический маршрут и время;BOM-029;PT.SHT.01.24.00.07;ТРЕБУЕТСЯ;НЕ НАЧАТО;НЕ ВЫПОЛНЕНО;;Маршрут, оборудование и нормы времени не установлены
DOC-BOM-030-DRW;Рабочий чертёж детали;BOM-030;PT.SHT.01.24.00.09;ТРЕБУЕТСЯ;НЕ НАЧАТО;НЕ ВЫПОЛНЕНО;;Файл отсутствует
DOC-BOM-030-ROUTE;Технологический маршрут и время;BOM-030;PT.SHT.01.24.00.09;ТРЕБУЕТСЯ;НЕ НАЧАТО;НЕ ВЫПОЛНЕНО;;Маршрут, оборудование и нормы времени не установлены
DOC-BOM-031-DRW;Сборочный чертёж;BOM-031;PT.SHT.01.25.00.00;ТРЕБУЕТСЯ;НЕ НАЧАТО;НЕ ВЫПОЛНЕНО;;Файл отсутствует
DOC-BOM-031-ROUTE;Технологический маршрут и время;BOM-031;PT.SHT.01.25.00.00;ТРЕБУЕТСЯ;НЕ НАЧАТО;НЕ ВЫПОЛНЕНО;;Маршрут, оборудование и нормы времени не установлены
DOC-BOM-031-SPEC;Спецификация сборки;BOM-031;PT.SHT.01.25.00.00;ТРЕБУЕТСЯ;НЕ НАЧАТО;НЕ ВЫПОЛНЕНО;;BOM верхнего уровня не заменяет спецификацию этой сборки
DOC-BOM-032-DRW;Рабочий чертёж детали;BOM-032;PT.SHT.01.25.00.01;ТРЕБУЕТСЯ;НЕ НАЧАТО;НЕ ВЫПОЛНЕНО;;Файл отсутствует
DOC-BOM-032-ROUTE;Технологический маршрут и время;BOM-032;PT.SHT.01.25.00.01;ТРЕБУЕТСЯ;НЕ НАЧАТО;НЕ ВЫПОЛНЕНО;;Маршрут, оборудование и нормы времени не установлены
DOC-BOM-033-DRW;Рабочий чертёж детали;BOM-033;PT.SHT.01.25.00.03;ТРЕБУЕТСЯ;НЕ НАЧАТО;НЕ ВЫПОЛНЕНО;;Файл отсутствует
DOC-BOM-033-ROUTE;Технологический маршрут и время;BOM-033;PT.SHT.01.25.00.03;ТРЕБУЕТСЯ;НЕ НАЧАТО;НЕ ВЫПОЛНЕНО;;Маршрут, оборудование и нормы времени не установлены
DOC-BOM-034-DRW;Рабочий чертёж детали;BOM-034;PT.SHT.01.25.00.05;ТРЕБУЕТСЯ;НЕ НАЧАТО;НЕ ВЫПОЛНЕНО;;Файл отсутствует
DOC-BOM-034-ROUTE;Технологический маршрут и время;BOM-034;PT.SHT.01.25.00.05;ТРЕБУЕТСЯ;НЕ НАЧАТО;НЕ ВЫПОЛНЕНО;;Маршрут, оборудование и нормы времени не установлены
DOC-BOM-035-DRW;Рабочий чертёж детали;BOM-035;PT.SHT.01.25.00.07;ТРЕБУЕТСЯ;НЕ НАЧАТО;НЕ ВЫПОЛНЕНО;;Файл отсутствует
DOC-BOM-035-ROUTE;Технологический маршрут и время;BOM-035;PT.SHT.01.25.00.07;ТРЕБУЕТСЯ;НЕ НАЧАТО;НЕ ВЫПОЛНЕНО;;Маршрут, оборудование и нормы времени не установлены
DOC-BOM-036-DRW;Рабочий чертёж детали;BOM-036;PT.SHT.01.25.00.07-01;ТРЕБУЕТСЯ;НЕ НАЧАТО;НЕ ВЫПОЛНЕНО;;Файл отсутствует
DOC-BOM-036-ROUTE;Технологический маршрут и время;BOM-036;PT.SHT.01.25.00.07-01;ТРЕБУЕТСЯ;НЕ НАЧАТО;НЕ ВЫПОЛНЕНО;;Маршрут, оборудование и нормы времени не установлены
DOC-BOM-037-DRW;Рабочий чертёж детали;BOM-037;PT.SHT.01.25.00.09;ТРЕБУЕТСЯ;НЕ НАЧАТО;НЕ ВЫПОЛНЕНО;;Файл отсутствует
DOC-BOM-037-ROUTE;Технологический маршрут и время;BOM-037;PT.SHT.01.25.00.09;ТРЕБУЕТСЯ;НЕ НАЧАТО;НЕ ВЫПОЛНЕНО;;Маршрут, оборудование и нормы времени не установлены
DOC-BOM-038-DRW;Рабочий чертёж детали;BOM-038;PT.SHT.01.25.00.09-01;ТРЕБУЕТСЯ;НЕ НАЧАТО;НЕ ВЫПОЛНЕНО;;Файл отсутствует
DOC-BOM-038-ROUTE;Технологический маршрут и время;BOM-038;PT.SHT.01.25.00.09-01;ТРЕБУЕТСЯ;НЕ НАЧАТО;НЕ ВЫПОЛНЕНО;;Маршрут, оборудование и нормы времени не установлены
DOC-BOM-059-DRW;Рабочий чертёж детали;BOM-059;PT.SHT.01.21.00.07;ТРЕБУЕТСЯ;НЕ НАЧАТО;НЕ ВЫПОЛНЕНО;;Файл отсутствует
DOC-BOM-059-ROUTE;Технологический маршрут и время;BOM-059;PT.SHT.01.21.00.07;ТРЕБУЕТСЯ;НЕ НАЧАТО;НЕ ВЫПОЛНЕНО;;Маршрут, оборудование и нормы времени не установлены
