ID;Обозначение;Наименование;Количество;Материал/стандарт из BOM;Причина;Определяющий документ или действие
BOM-001;PT.SHT.01.01.00.11;PT.SHT.01.01.00.11  Фланец присоединительный;1;AISI 304;Рабочий чертёж отсутствует;"Не включена; требуется выпустить или обосновать иной определяющий документ"
BOM-002;PT.SHT.01.01.02.03;PT.SHT.01.01.02.03  Опора;2;AISI 304;Рабочий чертёж отсутствует;"Не включена; требуется выпустить или обосновать иной определяющий документ"
BOM-003;PT.SHT.01.20.00.01;PT.SHT.01.20.00.01 'Ограничитель верхний';1;AISI 304;Рабочий чертёж отсутствует;"Не включена; требуется выпустить или обосновать иной определяющий документ"
BOM-005;PT.SHT.01.21.00.01;PT.SHT.01.21.00.01 'Кронштейн грузовой';2;AISI 304;Рабочий чертёж отсутствует;"Не включена; требуется выпустить или обосновать иной определяющий документ"
BOM-006;PT.SHT.01.21.00.03;PT.SHT.01.21.00.03 'Патрубок промывки';2;AISI 304;Рабочий чертёж отсутствует;"Не включена; требуется выпустить или обосновать иной определяющий документ"
BOM-007;PT.SHT.01.21.00.05;PT.SHT.01.21.00.05 'Патрубок шнека';2;AISI 304;Рабочий чертёж отсутствует;"Не включена; требуется выпустить или обосновать иной определяющий документ"
BOM-008;PT.SHT.01.21.00.09;PT.SHT.01.21.00.09 'Труба шнека';1;AISI 304;Рабочий чертёж отсутствует;"Не включена; требуется выпустить или обосновать иной определяющий документ"
BOM-009;PT.SHT.01.21.00.11;PT.SHT.01.21.00.11 'Ухо';4;AISI 304;Рабочий чертёж отсутствует;"Не включена; требуется выпустить или обосновать иной определяющий документ"
BOM-010;PT.SHT.01.21.00.13;PT.SHT.01.21.00.13 'Фланец трубы шнека';2;AISI 304;Рабочий чертёж отсутствует;"Не включена; требуется выпустить или обосновать иной определяющий документ"
BOM-012;PT.SHT.01.22.00.01;PT.SHT.01.22.00.01 'Косынка 1';8;AISI 304;Рабочий чертёж отсутствует;"Не включена; требуется выпустить или обосновать иной определяющий документ"
BOM-013;PT.SHT.01.22.00.03;PT.SHT.01.22.00.03 'Крышка обоймы верхней';1;AISI 304;Рабочий чертёж отсутствует;"Не включена; требуется выпустить или обосновать иной определяющий документ"
BOM-014;PT.SHT.01.22.00.05;PT.SHT.01.22.00.05 'Обойма';2;AISI 304;Рабочий чертёж отсутствует;"Не включена; требуется выпустить или обосновать иной определяющий документ"
BOM-015;PT.SHT.01.22.00.07;PT.SHT.01.22.00.07 'Прокладка';2;EPDM 60 дюрометр;Рабочий чертёж отсутствует;"Не включена; требуется выпустить или обосновать иной определяющий документ"
BOM-016;PT.SHT.01.22.00.09;PT.SHT.01.22.00.09 'Проставка обоймы верхней';1;AISI 304;Рабочий чертёж отсутствует;"Не включена; требуется выпустить или обосновать иной определяющий документ"
BOM-017;PT.SHT.01.22.00.11;PT.SHT.01.22.00.11 'Проставочное кольцо';2;AISI 304;Рабочий чертёж отсутствует;"Не включена; требуется выпустить или обосновать иной определяющий документ"
BOM-018;PT.SHT.01.22.00.13;PT.SHT.01.22.00.13 'Фланец обоймы';2;AISI 304;Рабочий чертёж отсутствует;"Не включена; требуется выпустить или обосновать иной определяющий документ"
BOM-020;PT.SHT.01.23.00.01;PT.SHT.01.23.00.01 'Косынка 2';8;AISI 304;Рабочий чертёж отсутствует;"Не включена; требуется выпустить или обосновать иной определяющий документ"
BOM-021;PT.SHT.01.23.00.05;PT.SHT.01.23.00.05 'Фланец обоймы нижней';1;AISI 304;Рабочий чертёж отсутствует;"Не включена; требуется выпустить или обосновать иной определяющий документ"
BOM-023;PT.SHT.01.23.10.01;PT.SHT.01.23.10.01 'Крышка';1;AISI 304;Рабочий чертёж отсутствует;"Не включена; требуется выпустить или обосновать иной определяющий документ"
BOM-024;PT.SHT.01.23.10.03;PT.SHT.01.23.10.03 'Гильза';1;AISI 304;Рабочий чертёж отсутствует;"Не включена; требуется выпустить или обосновать иной определяющий документ"
BOM-026;PT.SHT.01.24.00.01;PT.SHT.01.24.00.01 'Вал шнека верхний';1;Ст 3 ГОСТ 380-88;Рабочий чертёж отсутствует;"Не включена; требуется выпустить или обосновать иной определяющий документ"
BOM-027;PT.SHT.01.24.00.03;PT.SHT.01.24.00.03 'Вал шнека нижний';1;Ст 3 ГОСТ 380-88;Рабочий чертёж отсутствует;"Не включена; требуется выпустить или обосновать иной определяющий документ"
BOM-028;PT.SHT.01.24.00.05;PT.SHT.01.24.00.05 'Винт шнека';1;AISI 304;Рабочий чертёж отсутствует;"Не включена; требуется выпустить или обосновать иной определяющий документ"
BOM-029;PT.SHT.01.24.00.07;PT.SHT.01.24.00.07 'Сердечник';1;AISI 304;Рабочий чертёж отсутствует;"Не включена; требуется выпустить или обосновать иной определяющий документ"
BOM-030;PT.SHT.01.24.00.09;PT.SHT.01.24.00.09 'Торец шнека';2;AISI 304;Рабочий чертёж отсутствует;"Не включена; требуется выпустить или обосновать иной определяющий документ"
BOM-032;PT.SHT.01.25.00.01;PT.SHT.01.25.00.01 'Балка 1';1;Ст 3 ГОСТ 380-88;Рабочий чертёж отсутствует;"Не включена; требуется выпустить или обосновать иной определяющий документ"
BOM-033;PT.SHT.01.25.00.03;PT.SHT.01.25.00.03 'Балка 2';1;Ст 3 ГОСТ 380-88;Рабочий чертёж отсутствует;"Не включена; требуется выпустить или обосновать иной определяющий документ"
BOM-034;PT.SHT.01.25.00.05;PT.SHT.01.25.00.05 'Втулка';2;Ст 3 ГОСТ 380-88;Рабочий чертёж отсутствует;"Не включена; требуется выпустить или обосновать иной определяющий документ"
BOM-035;PT.SHT.01.25.00.07;PT.SHT.01.25.00.07 'Стойка 1';1;Ст 3 ГОСТ 380-88;Рабочий чертёж отсутствует;"Не включена; требуется выпустить или обосновать иной определяющий документ"
BOM-036;PT.SHT.01.25.00.07-01;PT.SHT.01.25.00.07-01 'Стойка 1';1;Ст 3 ГОСТ 380-88;Рабочий чертёж отсутствует;"Не включена; требуется выпустить или обосновать иной определяющий документ"
BOM-037;PT.SHT.01.25.00.09;PT.SHT.01.25.00.09 'Подкос 1';1;Ст 3 ГОСТ 380-88;Рабочий чертёж отсутствует;"Не включена; требуется выпустить или обосновать иной определяющий документ"
BOM-038;PT.SHT.01.25.00.09-01;PT.SHT.01.25.00.09-01 'Подкос 1';1;Ст 3 ГОСТ 380-88;Рабочий чертёж отсутствует;"Не включена; требуется выпустить или обосновать иной определяющий документ"
BOM-039;;Болт М6х20 DIN 933 А2;8;AISI 304;"Покупное/стандартное изделие; индивидуальный чертёж обычно не требуется";"BOM, строка 40; точное исполнение и ссылка на стандарт требуют проверки"
BOM-040;;Болт М8х25 DIN 933 A2;16;AISI 304;"Покупное/стандартное изделие; индивидуальный чертёж обычно не требуется";"BOM, строка 41; точное исполнение и ссылка на стандарт требуют проверки"
BOM-041;;Винт М12х30 DIN 931 A2;1;AISI 304;"Покупное/стандартное изделие; индивидуальный чертёж обычно не требуется";"BOM, строка 42; точное исполнение и ссылка на стандарт требуют проверки"
BOM-042;;Винт М8х20 DIN 931 A2;8;AISI 304;"Покупное/стандартное изделие; индивидуальный чертёж обычно не требуется";"BOM, строка 43; точное исполнение и ссылка на стандарт требуют проверки"
BOM-043;;Гайка М10 DIN 934;2;AISI 304;"Покупное/стандартное изделие; индивидуальный чертёж обычно не требуется";"BOM, строка 44; точное исполнение и ссылка на стандарт требуют проверки"
BOM-044;;Гайка М6 DIN 934;8;AISI 304;"Покупное/стандартное изделие; индивидуальный чертёж обычно не требуется";"BOM, строка 45; точное исполнение и ссылка на стандарт требуют проверки"
BOM-045;;Гайка М8 DIN 934 А2;16;AISI 304;"Покупное/стандартное изделие; индивидуальный чертёж обычно не требуется";"BOM, строка 46; точное исполнение и ссылка на стандарт требуют проверки"
BOM-046;;Кран шаровый G 1.2;2;НЕ ОПРЕДЕЛЕНО;"Покупное/стандартное изделие; индивидуальный чертёж обычно не требуется";"BOM, строка 47; точное исполнение и ссылка на стандарт требуют проверки"
BOM-047;;Манжета 2 -50х70-5 ГОСТ 8752-79;2;EPDM 60 дюрометр;"Покупное/стандартное изделие; индивидуальный чертёж обычно не требуется";"BOM, строка 48; точное исполнение и ссылка на стандарт требуют проверки"
BOM-048;;Мотор-редуктор NMRV 075(100B5);1;НЕ ОПРЕДЕЛЕНО;"Покупное/стандартное изделие; индивидуальный чертёж обычно не требуется";"BOM, строка 49; точное исполнение и ссылка на стандарт требуют проверки"
BOM-049;;Подшипник 7208BEA.step;4;НЕ ОПРЕДЕЛЕНО;"Покупное/стандартное изделие; индивидуальный чертёж обычно не требуется";"BOM, строка 50; точное исполнение и ссылка на стандарт требуют проверки"
BOM-050;;Болт М10х90 DIN 933;2;AISI 304;"Покупное/стандартное изделие; индивидуальный чертёж обычно не требуется";"BOM, строка 51; точное исполнение и ссылка на стандарт требуют проверки"
BOM-051;;Стопорное кольцо D40 DIN 471 А2;2;AISI 304;"Покупное/стандартное изделие; индивидуальный чертёж обычно не требуется";"BOM, строка 52; точное исполнение и ссылка на стандарт требуют проверки"
BOM-052;;Стопорное кольцо D70 DIN 472 А2;2;AISI 304;"Покупное/стандартное изделие; индивидуальный чертёж обычно не требуется";"BOM, строка 53; точное исполнение и ссылка на стандарт требуют проверки"
BOM-053;;Стопорное кольцо D80 DIN 472 А2;2;AISI 304;"Покупное/стандартное изделие; индивидуальный чертёж обычно не требуется";"BOM, строка 54; точное исполнение и ссылка на стандарт требуют проверки"
BOM-054;;Шайба пружинная М10 DIN128;4;AISI 304;"Покупное/стандартное изделие; индивидуальный чертёж обычно не требуется";"BOM, строка 55; точное исполнение и ссылка на стандарт требуют проверки"
BOM-055;;Шайба пружинная М12 DIN 128 A2;1;AISI 304;"Покупное/стандартное изделие; индивидуальный чертёж обычно не требуется";"BOM, строка 56; точное исполнение и ссылка на стандарт требуют проверки"
BOM-056;;Шайба пружинная М6 DIN128 А2;16;AISI 304;"Покупное/стандартное изделие; индивидуальный чертёж обычно не требуется";"BOM, строка 57; точное исполнение и ссылка на стандарт требуют проверки"
BOM-057;;Шайба пружинная М8 DIN 127 B А2;40;AISI 304;"Покупное/стандартное изделие; индивидуальный чертёж обычно не требуется";"BOM, строка 58; точное исполнение и ссылка на стандарт требуют проверки"
BOM-058;;Шпонка 8x7x63 ГОСТ 23360-78 DIN 6885;1;AISI 304;"Покупное/стандартное изделие; индивидуальный чертёж обычно не требуется";"BOM, строка 59; точное исполнение и ссылка на стандарт требуют проверки"
BOM-059;PT.SHT.01.21.00.07;PT.SHT.01.21.00.07 'Сбрасыватель';1;НЕ ОПРЕДЕЛЕНО;Рабочий чертёж отсутствует;"Не включена; требуется выпустить или обосновать иной определяющий документ"
