Путь в проекте;Байт;SHA-256;Граница проверки
CAD\01.PT.SHT BOM.xlsx;21731;e10cda1b89116c223ecfecc3fa57eb4a70f26749d19b3965ca1ef478551a9213;"Идентичность байтов; содержимое CAD не проверено"
CAD\NMRV 075\_075-28 (120).sldprt;122335;44a00c6e923d798f0787021a415a5bdf12c9664e6190d35d9bfcc76648ab4401;"Идентичность байтов; содержимое CAD не проверено"
CAD\NMRV 075\_90-100-112 B14.sldprt;263812;ddb6e982415c277401e8d4dfd375f1503cbcadd1651a17969f55012690d9bae4;"Идентичность байтов; содержимое CAD не проверено"
CAD\NMRV 075\_Gear unit 75.sldprt;996551;b7b06f4d193e0107a9a8b6ddea66c31e3a49186e25e49e1953bf1c03ac33aab6;"Идентичность байтов; содержимое CAD не проверено"
CAD\NMRV 075\_VB 090-28 (28).sldprt;38178;c8a7205747b11efe047306aea5b75be4f6c8d7fdea2f30e94efdbdd08da3e959;"Идентичность байтов; содержимое CAD не проверено"
CAD\NMRV 075\Imported.sldprt;366275;d5f4e6cfe64abb5ce348b12ba31da4a3944e095f8dde6eceaafba8ed5609c7ee;"Идентичность байтов; содержимое CAD не проверено"
CAD\NMRV 075\Imported_2.sldprt;76288;7f5ed79886d54111347730cb4c5d41c27a44a582b889910f80bf7b879d8d263e;"Идентичность байтов; содержимое CAD не проверено"
CAD\NMRV 075\Imported_3.sldprt;62464;cc5709fc219c5fc9f7fbe3ef842d3fe441e205998a4694e47d5c15d773a0b185;"Идентичность байтов; содержимое CAD не проверено"
CAD\NMRV 075\Imported_4.sldprt;64000;bc449320a06f9af6d616a3f254a9ea18d14b8c15e15638cdfd44cc213da1bbb0;"Идентичность байтов; содержимое CAD не проверено"
CAD\NMRV 075\NMRV 075.SLDASM;663328;644d8e1acf3a63f19789dae9ba43a5135b423d76c0d01b5dd77e905d6c039df8;"Идентичность байтов; содержимое CAD не проверено"
CAD\NMRV 075\NMRV 075.stp;2820232;8a5b5f59cc62e139baa148daf154e337740e3af4847ae0dad4e2e9b49890228c;"Идентичность байтов; содержимое CAD не проверено"
CAD\NMRV 075\NMRV-NMRV040-075500 (10x50)228128NO11NO00T0631(-----).sldasm;43688;0bb26fb54bd3a6138d0904caf82061f0fb29e77e088ce609ab46c7a93b795600;"Идентичность байтов; содержимое CAD не проверено"
CAD\NMRV 075\NMRV0907.513013511100300T1001.sldasm;42011;4affbfe58980b559b8decdd5146ef21d7ee92eebed3b84eac5ff255b46f2c9fd;"Идентичность байтов; содержимое CAD не проверено"
CAD\NMRV 075\~$Мотор-редуктор NMRV 075(100B5).SLDPRT;4;c468ac0d5f4abc0f8336aaceeb92989b1243d72f1502f631c7d3fbb08cd622ef;"Идентичность байтов; содержимое CAD не проверено"
CAD\NMRV 075\Мотор-редуктор NMRV 075(100B5).SLDPRT;4034529;b34c258f8f30bf4ec28ccfebd9aff1edaf84030da4a742bc44bc24954551d0f2;"Идентичность байтов; содержимое CAD не проверено"
CAD\NMRV 075\Мотор-редуктор PC071-NMRV075(71B5).SLDPRT;3744397;74979037797064d2722c80b8d525c327ff4176c8d0641ef4a09aea17e0e86fc0;"Идентичность байтов; содержимое CAD не проверено"
CAD\NMRV 075\Мотор-редуктор PCRV090.130-121-7.4-1,1кВт-6P-380-50.SLDPRT;3908763;113ade3314d68edf09572cb11af04003ba1a60aedc225f9a5e86344b86e583ce;"Идентичность байтов; содержимое CAD не проверено"
CAD\PT.SHT.01.20.00.00 СБ 'Шнек 1' (STEP 214 КТ).STEP;11853870;8644dab9591afa2358c0108d1e5bbfbb1e4e72f83a458eb4faa848a96417bc3f;"Идентичность байтов; содержимое CAD не проверено"
CAD\PT.SHT.01.20.00.00 СБ 'Шнек 1' (STEP 214 ТТ).STEP;29913802;b05e8da8782630911ab8fccf11d39cd4917460fbb288865aaab6e4e556575e13;"Идентичность байтов; содержимое CAD не проверено"
CAD\PT.SHT.01.20.00.00 СБ 'Шнек 1'.SLDASM;6053032;b065b3cec5116a14e507832a252922adccb675cf4e0c36f126eaa2cdbce44352;"Идентичность байтов; содержимое CAD не проверено"
CAD\PT.SHT.01.20.00.00 СБ 'Шнек 1'.SLDDRW;6910439;88497bb2be9be73c63314b9d2eb0b5d9d8f5725a7e26bdd847c2375d653c4f5a;"Идентичность байтов; содержимое CAD не проверено"
CAD\PT.SHT.01.20.00.01 'Ограничитель верхний'.SLDPRT;98575;00762b053370aee2f90d7b7b5bf7ad01118f56c182d3e8e13c5edb5f2f357918;"Идентичность байтов; содержимое CAD не проверено"
CAD\~$PT.SHT.01.20.00.00 СБ 'Шнек 1'.SLDASM;4;c468ac0d5f4abc0f8336aaceeb92989b1243d72f1502f631c7d3fbb08cd622ef;"Идентичность байтов; содержимое CAD не проверено"
CAD\~$PT.SHT.01.20.00.01 'Ограничитель верхний'.SLDPRT;4;c468ac0d5f4abc0f8336aaceeb92989b1243d72f1502f631c7d3fbb08cd622ef;"Идентичность байтов; содержимое CAD не проверено"
CAD\~$Шайба пружинная М8 DIN127 А2.SLDPRT;4;c468ac0d5f4abc0f8336aaceeb92989b1243d72f1502f631c7d3fbb08cd622ef;"Идентичность байтов; содержимое CAD не проверено"
CAD\Опора шнека\PT.SHT.01.25.00.00 СБ 'Опора шнековая'.SLDASM;218265;168db3835fd2f4c52108e37ebbb61234cc9094d61b4e72515893e88c5fe068cc;"Идентичность байтов; содержимое CAD не проверено"
CAD\Опора шнека\PT.SHT.01.25.00.01 'Балка 1'.SLDPRT;147859;52402fff3ad0b192156522cfa33d37bbee060b43f06479d0506de85188b90f61;"Идентичность байтов; содержимое CAD не проверено"
CAD\Опора шнека\PT.SHT.01.25.00.03 'Балка 2'.SLDPRT;148984;13a4bdd56067d574b937aee0756a316bcdba480a1c8af51f27ab255599a7665c;"Идентичность байтов; содержимое CAD не проверено"
CAD\Опора шнека\PT.SHT.01.25.00.05 'Втулка'.SLDPRT;126261;33dc789772d63e09c15164ce506f6ca7bc414a981438eb96ae6299dc5b7c3c81;"Идентичность байтов; содержимое CAD не проверено"
CAD\Опора шнека\PT.SHT.01.25.00.07 'Стойка 1'.SLDPRT;157563;5ad5e8210a137d3e6d37781af664c5bf2389d9cf0e99a3519155ec5125da0831;"Идентичность байтов; содержимое CAD не проверено"
CAD\Опора шнека\PT.SHT.01.25.00.07-01 'Стойка 1'.SLDPRT;141635;4cb1366e4382f408db82b43fe3c257aa4167c4ccb4ec6e22b9b7540ddd627fd2;"Идентичность байтов; содержимое CAD не проверено"
CAD\Опора шнека\PT.SHT.01.25.00.09 'Подкос 1'.SLDPRT;161616;65ad49368b475dbd573aea4a4c9b4e972166611f7b431f365907476ef6d0d41a;"Идентичность байтов; содержимое CAD не проверено"
CAD\Опора шнека\PT.SHT.01.25.00.09-01 'Подкос 1'.SLDPRT;139420;e4b0d7ad26bf41b8f47ef465f45b97fa1a62996916c7decfb8e46acd35523cd6;"Идентичность байтов; содержимое CAD не проверено"
CAD\Опора шнека\~$PT.SHT.01.25.00.00 СБ 'Опора шнековая'.SLDASM;4;c468ac0d5f4abc0f8336aaceeb92989b1243d72f1502f631c7d3fbb08cd622ef;"Идентичность байтов; содержимое CAD не проверено"
CAD\Опора шнека\~$PT.SHT.01.25.00.01 'Балка 1'.SLDPRT;4;c468ac0d5f4abc0f8336aaceeb92989b1243d72f1502f631c7d3fbb08cd622ef;"Идентичность байтов; содержимое CAD не проверено"
CAD\Опора шнека\~$PT.SHT.01.25.00.03 'Балка 2'.SLDPRT;4;c468ac0d5f4abc0f8336aaceeb92989b1243d72f1502f631c7d3fbb08cd622ef;"Идентичность байтов; содержимое CAD не проверено"
CAD\Опора шнека\~$PT.SHT.01.25.00.05 'Втулка'.SLDPRT;4;c468ac0d5f4abc0f8336aaceeb92989b1243d72f1502f631c7d3fbb08cd622ef;"Идентичность байтов; содержимое CAD не проверено"
CAD\Опора шнека\~$PT.SHT.01.25.00.07 'Стойка 1'.SLDPRT;4;c468ac0d5f4abc0f8336aaceeb92989b1243d72f1502f631c7d3fbb08cd622ef;"Идентичность байтов; содержимое CAD не проверено"
CAD\Опора шнека\~$PT.SHT.01.25.00.07-01 'Стойка 1'.SLDPRT;4;c468ac0d5f4abc0f8336aaceeb92989b1243d72f1502f631c7d3fbb08cd622ef;"Идентичность байтов; содержимое CAD не проверено"
CAD\Опора шнека\~$PT.SHT.01.25.00.09 'Подкос 1'.SLDPRT;4;c468ac0d5f4abc0f8336aaceeb92989b1243d72f1502f631c7d3fbb08cd622ef;"Идентичность байтов; содержимое CAD не проверено"
CAD\Опора шнека\~$PT.SHT.01.25.00.09-01 'Подкос 1'.SLDPRT;4;c468ac0d5f4abc0f8336aaceeb92989b1243d72f1502f631c7d3fbb08cd622ef;"Идентичность байтов; содержимое CAD не проверено"
CAD\Опора шнека\Опора шнека.SLDASM;191310;42428b98ea07e0b3356658c7ffb03ef478f526fa9f3f577f8528946d4cd74fcb;"Идентичность байтов; содержимое CAD не проверено"
CAD\Опора шнека\Перекладина 1.SLDPRT;98603;926e5a5afa30063bae9995ebb8452233de3a51f50b915bdcba51344d7ca48c9e;"Идентичность байтов; содержимое CAD не проверено"
CAD\Опора шнека\Перекладина 2.SLDPRT;100791;b41fd769b19295943f653381d845cc4eff6eee040853e6b176b73af6bc2e63b3;"Идентичность байтов; содержимое CAD не проверено"
CAD\Опора шнека\Подкос.SLDPRT;166407;677e9d4fe825708e6394ff0d1cc4625b51b718d360c46ca32e4d560df65e1440;"Идентичность байтов; содержимое CAD не проверено"
CAD\Опора шнека\Стойка.SLDPRT;127185;ac2038d8f58cb5d8a89d955444093e279ff9bdeb013c2102436b607c2b258fe0;"Идентичность байтов; содержимое CAD не проверено"
CAD\Опора шнека\Стойка1Зеркально отразить1.SLDPRT;105499;2594b4d0ae4e5126c1b76a9bb5097ef93057c6c4973a355e7d4d4cd4375a3808;"Идентичность байтов; содержимое CAD не проверено"
CAD\Опора шнека\Стойка2.SLDPRT;133813;eb07a755ef7d820cc467bb407fcd1889f7918433d3702517602765ef00da7fbe;"Идентичность байтов; содержимое CAD не проверено"
CAD\Шайба пружинная М8 DIN127 А2.SLDPRT;163160;1a953b40f9336517506e2225820592c4dad727eb537b43903a84aa6f62bd757f;"Идентичность байтов; содержимое CAD не проверено"
CAD\Шнек\PT.SHT.01.21.00.00 СБ 'Труба в сборе'.SLDASM;629008;f1ca0424fa887aa16dbbd7004333200e7af32fda0f9bf8720a60f6520a83b0d6;"Идентичность байтов; содержимое CAD не проверено"
CAD\Шнек\PT.SHT.01.21.00.01 'Кронштейн грузовой'.SLDPRT;123515;879c72ea917afa3e8e5a6101bbe2b0f2a5e2a081f8f9336a88368ae2720515ff;"Идентичность байтов; содержимое CAD не проверено"
CAD\Шнек\PT.SHT.01.21.00.03 'Патрубок промывки'.SLDPRT;280677;99c23cd86c5a2ea450005c9bf765d08e45812de7442692f3ef43de37e7d2afbe;"Идентичность байтов; содержимое CAD не проверено"
CAD\Шнек\PT.SHT.01.21.00.05 'Патрубок шнека'.SLDPRT;112692;4a3b0ab5b8dddbc759ab5e5acb48afccb36ea0750f70715fc23f9ac2442f7949;"Идентичность байтов; содержимое CAD не проверено"
CAD\Шнек\PT.SHT.01.21.00.07 'Сбрасыватель'.SLDPRT;107732;9c42ba98f639208e88d2c652870ad5c0c8bc6eb25dfc82a5139d2aca9c67255e;"Идентичность байтов; содержимое CAD не проверено"
CAD\Шнек\PT.SHT.01.21.00.09 'Труба шнека'.SLDPRT;131169;f0d9e993c1e07504eddd0f5c7154ffe33a14e6b8020ae8568cc4058dec7b3597;"Идентичность байтов; содержимое CAD не проверено"
CAD\Шнек\PT.SHT.01.21.00.11 'Ухо'.SLDPRT;104122;0930bb0d43d5a067330fddb92df3a4ff178a360543ca94c418b2d6d01ad34222;"Идентичность байтов; содержимое CAD не проверено"
CAD\Шнек\PT.SHT.01.21.00.13 'Фланец трубы шнека'.SLDPRT;120821;a76139b13dbde3e976ded3bc5da0a5ce52b0aa2087233b3e36f2b6344ee1e935;"Идентичность байтов; содержимое CAD не проверено"
CAD\Шнек\Thumbs.db;9728;595ae19f39352897ba6f17d8be6563dca78de4053bad8c7896539f79d514a245;"Идентичность байтов; содержимое CAD не проверено"
CAD\Шнек\~$PT.SHT.01.21.00.00 СБ 'Труба в сборе'.SLDASM;4;c468ac0d5f4abc0f8336aaceeb92989b1243d72f1502f631c7d3fbb08cd622ef;"Идентичность байтов; содержимое CAD не проверено"
CAD\Шнек\~$PT.SHT.01.21.00.01 'Кронштейн грузовой'.SLDPRT;4;c468ac0d5f4abc0f8336aaceeb92989b1243d72f1502f631c7d3fbb08cd622ef;"Идентичность байтов; содержимое CAD не проверено"
CAD\Шнек\~$PT.SHT.01.21.00.03 'Патрубок промывки'.SLDPRT;4;c468ac0d5f4abc0f8336aaceeb92989b1243d72f1502f631c7d3fbb08cd622ef;"Идентичность байтов; содержимое CAD не проверено"
CAD\Шнек\~$PT.SHT.01.21.00.05 'Патрубок шнека'.SLDPRT;4;c468ac0d5f4abc0f8336aaceeb92989b1243d72f1502f631c7d3fbb08cd622ef;"Идентичность байтов; содержимое CAD не проверено"
CAD\Шнек\~$PT.SHT.01.21.00.09 'Труба шнека'.SLDPRT;4;c468ac0d5f4abc0f8336aaceeb92989b1243d72f1502f631c7d3fbb08cd622ef;"Идентичность байтов; содержимое CAD не проверено"
CAD\Шнек\~$PT.SHT.01.21.00.11 'Ухо'.SLDPRT;4;c468ac0d5f4abc0f8336aaceeb92989b1243d72f1502f631c7d3fbb08cd622ef;"Идентичность байтов; содержимое CAD не проверено"
CAD\Шнек\~$PT.SHT.01.21.00.13 'Фланец трубы шнека'.SLDPRT;4;c468ac0d5f4abc0f8336aaceeb92989b1243d72f1502f631c7d3fbb08cd622ef;"Идентичность байтов; содержимое CAD не проверено"
CAD\Шнек\~$Кран шаровый G 1.2.SLDPRT;4;c468ac0d5f4abc0f8336aaceeb92989b1243d72f1502f631c7d3fbb08cd622ef;"Идентичность байтов; содержимое CAD не проверено"
CAD\Шнек\Короб\Thumbs.db;9728;e8ada16b6f24e2e05978fe88133d052918caa0d1397623e3f88d6aca994b19d2;"Идентичность байтов; содержимое CAD не проверено"
CAD\Шнек\Короб\Сборка сбрасывателя.SLDASM;132901;7aba5fe1d79a5b56af9ac69cfb7c9095c22662fda149d463525547526152244c;"Идентичность байтов; содержимое CAD не проверено"
CAD\Шнек\Короб\Стенка 1.SLDPRT;94986;51d9cbb2d0822af0f6e40a53a5bc1d50b6847a38a4cfe6366b140ae4f595d706;"Идентичность байтов; содержимое CAD не проверено"
CAD\Шнек\Короб\Стенка 2.SLDPRT;94045;71358778b72790bef28d9c68d5b34781339a6133d2792c7d3bf1d2da455540d8;"Идентичность байтов; содержимое CAD не проверено"
CAD\Шнек\Короб\Стенка 3.SLDPRT;83176;e0d69e592c4dae6f7bd0fe454d410c6a0c9a2b3fc04270b501f0184c071c8323;"Идентичность байтов; содержимое CAD не проверено"
CAD\Шнек\Короб\Фланец короба.SLDPRT;143780;db51507aa59049f1ce7a2bc8b91a127d36587689b780e393fee73bc9d9edda7c;"Идентичность байтов; содержимое CAD не проверено"
CAD\Шнек\Кран шаровый G 1.2.SLDPRT;296068;6799d6b617339f63d26960df2f5705da3c29ce1d6d7b062f2036328eef92b556;"Идентичность байтов; содержимое CAD не проверено"
CAD\Шнек\Крышка трубы шнека 1.SLDPRT;108758;251d0deac7d4bdc5282fee28d2283c207bf9608ef73feadb595e9f7d5e812d0d;"Идентичность байтов; содержимое CAD не проверено"
CAD\Шнек\Обойма верхняя\PT.SHT.01.22.00.00 СБ 'Обойма верхняя'.SLDASM;1269306;640e93e7abf3e7ea02c4979d5060561ea9f1b5e17c6bc3519078d68fed6688ef;"Идентичность байтов; содержимое CAD не проверено"
CAD\Шнек\Обойма верхняя\PT.SHT.01.22.00.01 'Косынка 1'.SLDPRT;101479;6da9ba7b55538cd6030b95088045f8286c5dc900597933f9540af8b051668640;"Идентичность байтов; содержимое CAD не проверено"
CAD\Шнек\Обойма верхняя\PT.SHT.01.22.00.03 'Крышка обоймы верхней'.SLDPRT;118061;f13fa26225d668bcc95d92f0120605d812d5ac5c015ba55c7f3ecaa5cb14a3c1;"Идентичность байтов; содержимое CAD не проверено"
CAD\Шнек\Обойма верхняя\PT.SHT.01.22.00.05 'Обойма'.SLDPRT;242650;4dec954f58c9fc7c5e34b6ba307da3eaa9c513db91d28fa7e568f354e0056258;"Идентичность байтов; содержимое CAD не проверено"
CAD\Шнек\Обойма верхняя\PT.SHT.01.22.00.07 'Прокладка'.SLDPRT;119851;7745a989a7ab4e755a8bdc970063f095ceafbdecb6fa87287aba108661d79f04;"Идентичность байтов; содержимое CAD не проверено"
CAD\Шнек\Обойма верхняя\PT.SHT.01.22.00.09 'Проставка обоймы верхней'.SLDPRT;127746;28265d5a54db1f8c4dcb0f69933c9184f2bca4811eb1f51fe8117c520ae548bd;"Идентичность байтов; содержимое CAD не проверено"
CAD\Шнек\Обойма верхняя\PT.SHT.01.22.00.11 'Проставочное кольцо'.SLDPRT;122633;748a1cd6030eb0aad86203985649502e89f786a64746ebbf29ee5eb628fc3a7d;"Идентичность байтов; содержимое CAD не проверено"
CAD\Шнек\Обойма верхняя\PT.SHT.01.22.00.13 'Фланец обоймы'.SLDPRT;118788;0acb7e9496167ae751db88f2f15b8ea3d6f8a2cb6cd3dd004523b11220fcb9d6;"Идентичность байтов; содержимое CAD не проверено"
CAD\Шнек\Обойма верхняя\Thumbs.db;9216;f9cb71a7e97e5b481f132ec5c3b3d29adb7189e51a817eb8b2dc9da45bef41f0;"Идентичность байтов; содержимое CAD не проверено"
CAD\Шнек\Обойма верхняя\~$PT.SHT.01.22.00.00 СБ 'Обойма верхняя'.SLDASM;4;c468ac0d5f4abc0f8336aaceeb92989b1243d72f1502f631c7d3fbb08cd622ef;"Идентичность байтов; содержимое CAD не проверено"
CAD\Шнек\Обойма верхняя\~$PT.SHT.01.22.00.01 'Косынка 1'.SLDPRT;4;c468ac0d5f4abc0f8336aaceeb92989b1243d72f1502f631c7d3fbb08cd622ef;"Идентичность байтов; содержимое CAD не проверено"
CAD\Шнек\Обойма верхняя\~$PT.SHT.01.22.00.03 'Крышка обоймы верхней'.SLDPRT;4;c468ac0d5f4abc0f8336aaceeb92989b1243d72f1502f631c7d3fbb08cd622ef;"Идентичность байтов; содержимое CAD не проверено"
CAD\Шнек\Обойма верхняя\~$PT.SHT.01.22.00.05 'Обойма'.SLDPRT;4;c468ac0d5f4abc0f8336aaceeb92989b1243d72f1502f631c7d3fbb08cd622ef;"Идентичность байтов; содержимое CAD не проверено"
CAD\Шнек\Обойма верхняя\~$PT.SHT.01.22.00.07 'Прокладка'.SLDPRT;4;c468ac0d5f4abc0f8336aaceeb92989b1243d72f1502f631c7d3fbb08cd622ef;"Идентичность байтов; содержимое CAD не проверено"
CAD\Шнек\Обойма верхняя\~$PT.SHT.01.22.00.09 'Проставка обоймы верхней'.SLDPRT;4;c468ac0d5f4abc0f8336aaceeb92989b1243d72f1502f631c7d3fbb08cd622ef;"Идентичность байтов; содержимое CAD не проверено"
CAD\Шнек\Обойма верхняя\~$PT.SHT.01.22.00.11 'Проставочное кольцо'.SLDPRT;4;c468ac0d5f4abc0f8336aaceeb92989b1243d72f1502f631c7d3fbb08cd622ef;"Идентичность байтов; содержимое CAD не проверено"
CAD\Шнек\Обойма верхняя\~$PT.SHT.01.22.00.13 'Фланец обоймы'.SLDPRT;4;c468ac0d5f4abc0f8336aaceeb92989b1243d72f1502f631c7d3fbb08cd622ef;"Идентичность байтов; содержимое CAD не проверено"
CAD\Шнек\Обойма верхняя\~$Манжета 2 -50х70-5 ГОСТ 8752-79.SLDPRT;4;c468ac0d5f4abc0f8336aaceeb92989b1243d72f1502f631c7d3fbb08cd622ef;"Идентичность байтов; содержимое CAD не проверено"
CAD\Шнек\Обойма верхняя\~$Подшипник 7208BEA.step.SLDPRT;4;c468ac0d5f4abc0f8336aaceeb92989b1243d72f1502f631c7d3fbb08cd622ef;"Идентичность байтов; содержимое CAD не проверено"
CAD\Шнек\Обойма верхняя\~$Стопорное кольцо D40 DIN 471 А2.SLDPRT;4;c468ac0d5f4abc0f8336aaceeb92989b1243d72f1502f631c7d3fbb08cd622ef;"Идентичность байтов; содержимое CAD не проверено"
CAD\Шнек\Обойма верхняя\~$Стопорное кольцо D70 DIN 472 А2.SLDPRT;4;c468ac0d5f4abc0f8336aaceeb92989b1243d72f1502f631c7d3fbb08cd622ef;"Идентичность байтов; содержимое CAD не проверено"
CAD\Шнек\Обойма верхняя\~$Стопорное кольцо D80 DIN 472 А2.SLDPRT;4;c468ac0d5f4abc0f8336aaceeb92989b1243d72f1502f631c7d3fbb08cd622ef;"Идентичность байтов; содержимое CAD не проверено"
CAD\Шнек\Обойма верхняя\Манжета 2 -50х70-5 ГОСТ 8752-79.SLDPRT;406187;4629ec7cf4ac153c9d6f1f46d2599341cf571da6cdbb9abe906eeb36830c89ec;"Идентичность байтов; содержимое CAD не проверено"
CAD\Шнек\Обойма верхняя\Подшипник 7208BEA.step.SLDPRT;1186590;4165d234194fea3eaad8c818eeb307333614e3d61c6fcdb3538310c4a01947f5;"Идентичность байтов; содержимое CAD не проверено"
CAD\Шнек\Обойма верхняя\Проставка обоймы.SLDPRT;115652;20495de3f24f3ff9ae0ef777512e9260df30f5e798a0fadbd5028dd84ddea84e;"Идентичность байтов; содержимое CAD не проверено"
CAD\Шнек\Обойма верхняя\Стопорное кольцо D40 DIN 471 А2.SLDPRT;133653;c2f8c53ab8268ab8c13c2d30d3011dc95e45b40c8a6804ee49049cbf19abfe6f;"Идентичность байтов; содержимое CAD не проверено"
CAD\Шнек\Обойма верхняя\Стопорное кольцо D70 DIN 472 А2.SLDPRT;137207;d20b852a640f5b2f98056d551b005711b4b08704024f6b8d93d6a6342e255197;"Идентичность байтов; содержимое CAD не проверено"
CAD\Шнек\Обойма верхняя\Стопорное кольцо D80 DIN 472 А2.SLDPRT;134868;8ffe58add46b4aab31f9d6732973d3e58a9c99f332cc1a909b344419961979d4;"Идентичность байтов; содержимое CAD не проверено"
CAD\Шнек\Обойма нижняя\PT.SHT.01.23.00.00 СБ 'Обойма нижняя'.SLDASM;1360277;595f9ba853857dff39551df8638b3e02c8d5927b5720e39ff9c444d6d46d02ba;"Идентичность байтов; содержимое CAD не проверено"
CAD\Шнек\Обойма нижняя\PT.SHT.01.23.00.01 'Косынка 2'.SLDPRT;101893;86588760c81641e7bcafbc2194a2d86b9fe5a5b7a932cbac98b4431d90adadfa;"Идентичность байтов; содержимое CAD не проверено"
CAD\Шнек\Обойма нижняя\PT.SHT.01.23.00.03 'Крышка обоймы нижней'.SLDPRT;115605;4af3efcf18f59ce1a6058070b12271a32d891dd83d2f29a907ab07d18f411271;"Идентичность байтов; содержимое CAD не проверено"
CAD\Шнек\Обойма нижняя\PT.SHT.01.23.00.05 'Фланец обоймы нижней'.SLDPRT;122702;a166a222590d502ed4a83e597d45e0293b8d9016d53922447bd0504faceb7fb9;"Идентичность байтов; содержимое CAD не проверено"
CAD\Шнек\Обойма нижняя\PT.SHT.01.23.10.00 СБ 'Крышка обоймы в сборе'\PT.SHT.01.23.10.00 СБ 'Крышка обоймы нижней'.SLDASM;112795;d1366071811cf4d9ae3dc3933e908e0319010b4a711e6154703e3ab8e7ba5530;"Идентичность байтов; содержимое CAD не проверено"
CAD\Шнек\Обойма нижняя\PT.SHT.01.23.10.00 СБ 'Крышка обоймы в сборе'\PT.SHT.01.23.10.01 'Крышка'.SLDPRT;109689;6856e32f4750a545606a009b767a831270df4a83e9bafa7dad08c35056bd32c9;"Идентичность байтов; содержимое CAD не проверено"
CAD\Шнек\Обойма нижняя\PT.SHT.01.23.10.00 СБ 'Крышка обоймы в сборе'\PT.SHT.01.23.10.03 'Гильза'.SLDPRT;106031;f26e046a2cfbd94fd716d81bc5cf7adb0dc96c0f5475e163a4969a73e96302da;"Идентичность байтов; содержимое CAD не проверено"
CAD\Шнек\Обойма нижняя\PT.SHT.01.23.10.00 СБ 'Крышка обоймы в сборе'\~$PT.SHT.01.23.10.00 СБ 'Крышка обоймы нижней'.SLDASM;4;c468ac0d5f4abc0f8336aaceeb92989b1243d72f1502f631c7d3fbb08cd622ef;"Идентичность байтов; содержимое CAD не проверено"
CAD\Шнек\Обойма нижняя\PT.SHT.01.23.10.00 СБ 'Крышка обоймы в сборе'\~$PT.SHT.01.23.10.01 'Крышка'.SLDPRT;4;c468ac0d5f4abc0f8336aaceeb92989b1243d72f1502f631c7d3fbb08cd622ef;"Идентичность байтов; содержимое CAD не проверено"
CAD\Шнек\Обойма нижняя\PT.SHT.01.23.10.00 СБ 'Крышка обоймы в сборе'\~$PT.SHT.01.23.10.03 'Гильза'.SLDPRT;4;c468ac0d5f4abc0f8336aaceeb92989b1243d72f1502f631c7d3fbb08cd622ef;"Идентичность байтов; содержимое CAD не проверено"
CAD\Шнек\Обойма нижняя\~$PT.SHT.01.23.00.00 СБ 'Обойма нижняя'.SLDASM;4;c468ac0d5f4abc0f8336aaceeb92989b1243d72f1502f631c7d3fbb08cd622ef;"Идентичность байтов; содержимое CAD не проверено"
CAD\Шнек\Обойма нижняя\~$PT.SHT.01.23.00.01 'Косынка 2'.SLDPRT;4;c468ac0d5f4abc0f8336aaceeb92989b1243d72f1502f631c7d3fbb08cd622ef;"Идентичность байтов; содержимое CAD не проверено"
CAD\Шнек\Обойма нижняя\~$PT.SHT.01.23.00.05 'Фланец обоймы нижней'.SLDPRT;4;c468ac0d5f4abc0f8336aaceeb92989b1243d72f1502f631c7d3fbb08cd622ef;"Идентичность байтов; содержимое CAD не проверено"
CAD\Шнек\Шнек механизм\PT.SHT.01.24.00.00 СБ 'Шнековый вал'.SLDASM;2912410;b796e34d38c93804e21eea41a721805b8c5fb4ac18f1d3d61b10aaa72173fcf4;"Идентичность байтов; содержимое CAD не проверено"
CAD\Шнек\Шнек механизм\PT.SHT.01.24.00.01 'Вал шнека верхний'.SLDPRT;237504;58c58b9f2ec3f13f4fa6932c52ff290ceadb4bb451cd102bbdb5380e5a44b22b;"Идентичность байтов; содержимое CAD не проверено"
CAD\Шнек\Шнек механизм\PT.SHT.01.24.00.03 'Вал шнека нижний'.SLDPRT;217577;c0e074e493b0ea2c051213fdfa56c2484631c505da0fc3b70527f8e5863da96d;"Идентичность байтов; содержимое CAD не проверено"
CAD\Шнек\Шнек механизм\PT.SHT.01.24.00.05 'Винт шнека'.SLDPRT;6684619;1591fc5bbc075a749b16d14294a74e66e4eb9d539fd33ac7750634609ff1af1c;"Идентичность байтов; содержимое CAD не проверено"
CAD\Шнек\Шнек механизм\PT.SHT.01.24.00.07 'Сердечник'.SLDPRT;167763;25569fa51a740c209ae4f8a19cb49a8a0a8167dac75e44d50f03ef01f91f1086;"Идентичность байтов; содержимое CAD не проверено"
CAD\Шнек\Шнек механизм\PT.SHT.01.24.00.09 'Торец шнека'.SLDPRT;104139;ef7638f710df167c601ac5a28931e9e50d28b4182557619cd647d44ba07b79a1;"Идентичность байтов; содержимое CAD не проверено"
CAD\Шнек\Шнек механизм\Thumbs.db;7168;5cc2b5f0f432692e7929b76edd19c83255f1a83eaf721d2a4ce246dbd402171a;"Идентичность байтов; содержимое CAD не проверено"
CAD\Шнек\Шнек механизм\~$PT.SHT.01.24.00.00 СБ 'Шнековый вал'.SLDASM;4;c468ac0d5f4abc0f8336aaceeb92989b1243d72f1502f631c7d3fbb08cd622ef;"Идентичность байтов; содержимое CAD не проверено"
CAD\Шнек\Шнек механизм\~$PT.SHT.01.24.00.01 'Вал шнека верхний'.SLDPRT;4;c468ac0d5f4abc0f8336aaceeb92989b1243d72f1502f631c7d3fbb08cd622ef;"Идентичность байтов; содержимое CAD не проверено"
CAD\Шнек\Шнек механизм\~$PT.SHT.01.24.00.03 'Вал шнека нижний'.SLDPRT;4;c468ac0d5f4abc0f8336aaceeb92989b1243d72f1502f631c7d3fbb08cd622ef;"Идентичность байтов; содержимое CAD не проверено"
CAD\Шнек\Шнек механизм\~$PT.SHT.01.24.00.05 'Винт шнека'.SLDPRT;4;c468ac0d5f4abc0f8336aaceeb92989b1243d72f1502f631c7d3fbb08cd622ef;"Идентичность байтов; содержимое CAD не проверено"
CAD\Шнек\Шнек механизм\~$PT.SHT.01.24.00.07 'Сердечник'.SLDPRT;4;c468ac0d5f4abc0f8336aaceeb92989b1243d72f1502f631c7d3fbb08cd622ef;"Идентичность байтов; содержимое CAD не проверено"
CAD\Шнек\Шнек механизм\~$PT.SHT.01.24.00.09 'Торец шнека'.SLDPRT;4;c468ac0d5f4abc0f8336aaceeb92989b1243d72f1502f631c7d3fbb08cd622ef;"Идентичность байтов; содержимое CAD не проверено"
Проверка комплектности и отображения.md;5161;255f47fb7011ca5114d116067bfd31f4652c900416078bd38cc973e7df12d1ae;"Идентичность байтов; содержимое CAD не проверено"
Чертежи\20261002-060318-973921\Сборка шнека.SLDDRW;7295976;b49e246bfec6f5f72f467fac44f3f9a24df909be54afadcba085e3abd8110b96;"Идентичность байтов; содержимое CAD не проверено"
Чертежи\20261002-060318-973921\Труба в сборе.SLDDRW;698693;5adaa8ee435d2298bb5082e8f2989aacf45bc4414d96cb8b6d05e6056ff146bc;"Идентичность байтов; содержимое CAD не проверено"
Чертежи\20261002-060318-973921\Шнековый вал.SLDDRW;2981185;7e93d1db8595f1bb397e7be767453dabd456c2f13315715f8577163777a8d85d;"Идентичность байтов; содержимое CAD не проверено"
